Cty,LC,R/T,Descr
,,,
,,,
,,,
485,#L,ABP,Application Buss Solutions
485,#L,ASW,Application Buss Software
485,#L,BOT,Bottom Line
485,#L,CE2,DP Engineer Call
485,#L,CIS,CISCO Equipment
485,#L,ESB,ESW Bottom Line
485,#L,ESS,Enterprise Systems Services
485,#L,ESW,Entitled Software
485,#L,HWM,Hardware Purchase MES
485,#L,HWT,HW Purchase Transportation
485,#L,IC2,Importation Charges
485,#L,M04,SLS Migration
485,#L,M27,SLS Migration
485,#L,M33,SLS Migration
485,#L,MA2,DP Maintainance Contract
485,#L,MDW,Middleware
485,#L,PC0,PSG HW Sales
485,#L,PC4,PC and PC Equipment Sales
485,#L,SRV,Server
485,#L,STR,STORAGE
485,#L,SWE,SW Revenue Defferal Earnback
618,10,003,ESA SYSTEM SERVICE
618,10,004,SYSTEM SERVICE
618,10,006,WARTUNG EDV
618,10,007,REPARATUR
618,10,008,TECHNIKERLEISTUNG
618,10,012,GARANTIEVERGUETUNG DEALER
618,10,015,VERTRAGGEBUEHREN
618,10,016,ZINSEN
618,10,017,LITERATUR
618,10,020,RECHENZENTRUM
618,10,021,LITERATUR
618,10,030,KAUF BUEROMASCHINEN
618,10,032,WARTUNG BUEROMASCHINEN
618,10,033,REPARATUR BUEROMASCHINEN
618,10,040,FREMDSOFTWARE
618,10,048,GENERALUNTERNEHMERVERTRAG
618,10,049,(SCHADENERSATZ)
618,10,050,SCHULUNG (PUNKTEKARTE)
618,10,051,SCHULUNG
618,10,056,LEASING KAUF
618,10,058,SYSTEMBERATUNG
618,10,059,LEASING
618,10,060,ZUSAETZL.BENUETZUNG
618,10,061,RATEN
618,10,063,LEASING (VERLAENGERUNG)
618,10,073,DIRECT MARKETING
618,10,074,KAUF OEM
618,10,075,KAUF BUEROMASCHINEN
618,10,076,KAUF PC (NACHNAHME)
618,10,085,KAUF EDV (THIRD PARTY)
618,10,086,SYSTEMLIEFERVERTRAG
618,10,087,KAUF INSTALL.MASCHINEN
618,10,090,MIETE EDV
618,10,091,KAUF EDV
618,10,092,ZUBEHOER
618,10,094,ERSATZTEILE
618,10,095,MIETE LIZENZPROGRAMM
618,10,096,ACSA/EAS
618,10,097,TRADE-IN
618,10,208,TECHNIKERLEISTUNG
618,10,217,LITERATUR
618,10,250,SCHULUNG (PUNKTEKARTE)
618,10,251,SCHULUNG
618,10,308,TECHNIKERLEISTUNG
618,10,320,RECHENZENTRUM
618,10,321,LITERATUR
618,10,349,(SCHADENERSATZ)
618,10,386,SYSTEMLIEFERVERTRAG
618,10,408,TECHNIKERLEISTUNG
618,10,420,RECHENZENTRUM
618,10,421,LITERATUR
618,10,503,ESA SYSTEM SERVICE
618,10,504,SYSTEM SERVICE
618,10,506,WARTUNG EDV
618,10,507,REPARATUR
618,10,508,TECHNIKERLEISTUNG
618,10,520,RECHENZENTRUM
618,10,521,RECHENZENTRUM
618,10,548,GENERALUNTERNEHMERVERTRAG
618,10,573,DIRECT MARKETING
618,10,586,SYSTEMLIEFERVERTRAG
618,10,603,ESA SYSTEM SERVICE
618,10,604,SYSTEM SERVICE
618,10,606,WARTUNG EDV
618,10,607,REPARATUR
618,10,608,TECHNIKERLEISTUNG
618,10,648,GENERALUNTERNEHMERVERTRAG
618,10,649,(SCHADENERSATZ)
618,10,660,ZUSAETZL.BENUETZUNG
618,10,673,DIRECT MARKETING
618,10,686,SYSTEMLIEFERVERTRAG
618,10,708,TECHNIKERLEISTUNG
618,10,786,SYSTEMLIEFERVERTRAG
618,10,999,PROMISSORY NOTE
618,10,CO1,COGNOS MIGRATION
618,10,COF,COMMERCIALLY FINANCED
618,10,CUF,CUSTOMER FIN
618,10,DSM,IPLA
618,10,DSW,IPLA
618,10,ES1,ESW / NON-EAS
618,10,ES2,ESW / NON-EAS
618,10,ES5,ESW-ACSA/EAS
618,10,ES6,ESW-ACSA/EAS
618,10,GEO,GEODIS PROCUREMENT
618,10,GPP,GEODIS P2P
618,10,IFX,INFORMIX
618,10,IGF,SAP AF (TEST REV TYPE ONLY)
618,10,LED,PCD DLA DIRECT LARGE ACCOUNTS
618,10,LPD,IPLA LPC
618,10,LPS,LOTUS INTEGRATION
618,10,PBS,PROFESSIONAL BILLING SERVICES
618,10,PC0,KAUF BUEROMASCHINEN
618,10,PNO,PROMISSORY NOTE
618,10,PWC,TECHNIKERLEISTUNG            )
624,02,0M1,CHIS
624,02,0M3,CHIS
624,02,0M4,CHIS
624,02,ADM,ADM
624,02,AUP,Printer Usage
624,02,BMS,Professional Services
624,02,CAR,Late Payment Fees
624,02,CEB,Per Call Repair
624,02,CEP,CEP
624,02,CES,User Assist/400
624,02,CHI,Maintenance Agreement
624,02,CO1,Cognos Software
624,02,COF,Commercial Financing
624,02,D2M,Lotus Software
624,02,D2S,Lotus Software
624,02,D3M,Lotus Software
624,02,D3S,Int.Program Lic.Agreement
624,02,DAT,Datamirror Services
624,02,DIV,IBM Direct (Picking Point)
624,02,DSM,IPLA Migration
624,02,DSW,Int.Program Lic.Agreement
624,02,EDU,Education
624,02,EMB,Maintenance Contract Agreement
624,02,ESW,Software Agreement
624,02,FIN,Lease
624,02,GEO,GEODIS Procurement
624,02,GPP,GEODIS P2P
624,02,HUL,International Education
624,02,INS,IGN Services
624,02,ISS,ISS Services
624,02,LIT,Literature
624,02,LPC,Late Payment Charges
624,02,LPD,IPLA
624,02,MAI,Maintenance Contract
624,02,NP,Negative Pending
624,02,PAR,Equipment Repair
624,02,PBS,Professional Services
624,02,PC0,Purchase Agreement
624,02,PCF,Purchase Agreements
624,02,PWC,PWC Services
624,02,RLE,Rental Lease
624,02,SAP,Purchase Agreement
624,02,SBS,Professional Services
624,02,VUP,Dealer Invoice
624,08,CPL,Capital Lease
624,08,DEF,Miscellaneous
624,08,DIV,IBM Direct (Picking Point)
624,08,EOL,End of Lease
624,08,FAR,FICAS STD AR MIGRATION
624,08,FIC,FICAS IC AR MIGRATION
624,08,INE,Intercompany EOL
624,08,INL,Loan
624,08,INP,Intercompany Passthrough
624,08,INR,Reverse Passthrough
624,08,IPP,Financing Agreement
624,08,LEA,Lease
624,08,LOA,Loan
624,08,LPC,Late Payment Charges
624,08,LSE,Lease
624,08,MIS,Miscellaneous
624,08,OPL,Operating Lease
624,08,VAT,VAT
644,#L,ATT,TSA Charge
644,#L,CAT,SW License Charge
644,#L,COF,Commercial Financing
644,#L,DPC,DPA
644,#L,DSW,Distributed SW Purchase
644,#L,ESW,SW Purchase
644,#L,FTO,FTO Services
644,#L,GBS,Global Business SVCS
644,#L,GPR,GPR Charge
644,#L,GTS,Global Tech SVCS
644,#L,HWP,HW Purchase
644,#L,IPC,IPP
644,#L,ITM,Maintenance Service
644,#L,LEA,Leasing
644,#L,LP1,Late Payment Charge
644,#L,LP2,Interest Charge
644,#L,LP3,Interest Charge
644,#L,LPC,Late Payment Charge
644,#L,MSA,MSA Charge
644,#L,NCU,Other Charges
644,#L,PAR,Parts Stock Purchase
644,#L,PEC,Per Call Service
644,#L,PMT,Multiple Supplies
644,#L,PRE,Prepayment
644,#L,REG,Other Charges
644,#L,SAP,HVEC Purchase
644,#L,SG1,Financed Business
644,#L,SG2,Financed Business
644,#L,SWP,SW Purchase
644,#L,TFN,Defer Payment Business
644,#L,TSA,Transition Support Agreement
644,#L,VAT,VAT Recharge
644,47,GPI,Infoprint GP
650,#L,030,RENTAL
650,#L,035,PURCHASE NEW
650,#L,040,PURCHASE INSTALL
650,#L,045,SE/ED
650,#L,050,SUPPLIES
650,#L,055,TLA
650,#L,060,DPA INSTALLMENTS
650,#L,061,IPP INSTALLMENTS
650,#L,065,SERVICE AGREEMENTS
650,#L,PNO,PROMISSORY NOTES DEFAULT
658,#L,ATT,TSA Charge
658,#L,CAT,SW License Charge
658,#L,COF,Commercial Financing
658,#L,DPC,DPP
658,#L,DSW,Distrib SW Purchase
658,#L,ESW,SW Purchase
658,#L,EWM,SW License Charge
658,#L,EWO,SW Purchase
658,#L,FTO,FT Services
658,#L,GBS,Global Busin SCVS
658,#L,GPR,GPR Charge
658,#L,GTS,Global Tech SVCS
658,#L,HWP,HW Purchase
658,#L,IPC,IPP
658,#L,ITM,Maintenance Service
658,#L,LEA,Leasing
658,#L,LP1,Late Payment Charge
658,#L,LP2,Interest Charge
658,#L,LP3,Interest Charge
658,#L,LPC,Late Payment Charge
658,#L,MSA,MSA Charge
658,#L,NCU,Other Charges
658,#L,PAR,Parts Stock Purchase
658,#L,PEC,PER Call Service
658,#L,PMT,Multiple Supplies
658,#L,PRE,Prepayment
658,#L,REG,Other Charges
658,#L,SAP,HVEC Purchase
658,#L,SG1,Financed Business
658,#L,SG2,Financed Business
658,#L,SWP,SW Purchase
658,#L,TFN,Defer PMT Business
658,#L,TSA,Transition Support Agreement
658,#L,VAT,VAT Recharge
658,41,COF,Commercial Financing
658,41,GPI,Infoprint GP
658,43,COF,Commercial Financing
658,43,GPI,Infoprint GP
658,44,COF,Commercial Financing
658,44,GPI,Infoprint GP
658,45,COF,Commercial Financing
658,45,GPI,Infoprint GP
658,46,COF,Commercial Financing
658,46,GPI,Infoprint GP
658,47,COF,Commercial Financing
658,47,GPI,Infoprint GP
658,48,COF,Commercial Financing
658,48,GPI,Infoprint GP
658,52,GPI,Infoprint GP
658,53,GPI,Infoprint GP
658,54,COF,Commercial Financing
658,54,GPI,Infoprint GP
658,55,GPI,Infoprint GP
658,56,GPI,Infoprint GP
658,57,GPI,Infoprint GP
658,58,GPI,Infoprint GP
658,59,GPI,Infoprint GP
658,61,GPI,Infoprint GP
658,62,GPI,Infoprint GP
658,63,GPI,Infoprint GP
658,64,GPI,Infoprint GP
658,65,GPI,Infoprint GP
658,A1,GPI,Infoprint GP
658,A2,GPI,Infoprint GP
658,A3,GPI,Infoprint GP
658,A4,GPI,Infoprint GP
666,01,200,DP INVOICES REGULAR
666,01,201,DP INVOICES DEF.PAYS
666,01,280,PRE-BILLING
666,01,410,PC INVOICES 30DAYS
666,01,411,PC INVOICES MORE 30DAYS
666,01,600,LPC INVOICES
666,01,EML,ESW MONTHLY CHARGE
666,01,ESW,ENTITLED SOFTWARE
668,#L,ATT,TSA Charge
668,#L,CAT,SW License Charge
668,#L,COF,Commercial Financing
668,#L,DPC,DPA
668,#L,DSW,Distributed SW Purchase
668,#L,ESW,SW Purchase
668,#L,EWM,SW License Charge
668,#L,EWO,SW Purchase
668,#L,FTO,FTO Services
668,#L,GBS,Global Business SVCS
668,#L,GPR,GPR Charge
668,#L,GTS,Global Tech SVCS
668,#L,HWP,HW Purchase
668,#L,IPC,IPP
668,#L,ITM,Maintenance Service
668,#L,LEA,Leasing
668,#L,LP1,Late Payment Charge
668,#L,LP2,Interest Charge
668,#L,LP3,Interest Charge
668,#L,LPC,Late Payment Charge
668,#L,MSA,MSA Charge
668,#L,NCU,Other Charges
668,#L,PAR,Parts Stock Purchase
668,#L,PEC,Per Call Service
668,#L,PMT,Multiple Supplies
668,#L,PRE,Prepayment
668,#L,REG,Other Charges
668,#L,SAP,HVEC Purchase
668,#L,SG1,Financed Business
668,#L,SG2,Financed Business
668,#L,SWP,SW Purchase
668,#L,TFN,Defer Payment Business
668,#L,TSA,Transition Support Agreement
668,#L,VAT,VAT Recharge
668,42,GEO,GEODIS PROCUREMENT
668,42,GPI,Infoprint GP
668,42,GPP,GEODIS P2P
675,#L,ATT,TSA Charge
675,#L,CAT,SW License Charge
675,#L,COF,Commercial Financing
675,#L,DPC,DPA
675,#L,DSW,Distributed SW Purchase
675,#L,ESW,SW Purchase
675,#L,FTO,FTO Services
675,#L,GBS,Global Business SVCS
675,#L,GPR,GPR Charge
675,#L,GTS,Global Tech SVCS
675,#L,HWP,HW Purchase
675,#L,IPC,IPP
675,#L,ITM,Maintenance Service
675,#L,LEA,Leasing
675,#L,LP1,Late Payment Charge
675,#L,LP2,Interest Charge
675,#L,LP3,Interest Charge
675,#L,LPC,Late Payment Charge
675,#L,MSA,MSA Charge
675,#L,NCU,Other Charges
675,#L,PAR,Parts Stock Purchase
675,#L,PEC,Per Call Service
675,#L,PMT,Multiple Supplies
675,#L,PRE,Prepayment
675,#L,REG,Other Charges
675,#L,SAP,HVEC Purchase
675,#L,SG1,Financed Business
675,#L,SG2,Financed Business
675,#L,SWP,SW Purchase
675,#L,TFN,Defer Payment Business
675,#L,TSA,Transition Support Agreement
675,#L,VAT,VAT Recharge
675,AB,GPI,Infoprint GP
675,AB,TL4,TELELOGIC W2 MIGRATION
675,AE,GPI,Infoprint GP
675,BH,GPI,Infoprint GP
675,DB,GPI,Infoprint GP
675,JO,GPI,Infoprint GP
675,KW,GPI,Infoprint GP
675,LB,GPI,Infoprint GP
675,OM,GPI,Infoprint GP
675,QA,GPI,Infoprint GP
675,SA,GPI,Infoprint GP
675,SY,GPI,Infoprint GP
675,YE,GPI,Infoprint GP
678,10,021,MANUALER
678,10,031,MANUALER
678,10,050,AFBETALING
678,10,153,MANUALER
678,10,175,MANUALER
678,10,345,RESERVEDELE
678,10,400,LICENS
678,10,401,MLC
678,10,402,LEASE
678,10,403,SOFTWARE
678,10,502,LEASE
678,10,652,VEDLIGEHOLDELSE
678,10,999,FORUDBETALING
678,10,ADM,LEASE
678,10,AG1,AGENT COMMISSIONS HW
678,10,AG2,AGENT COMMISSIONS SW
678,10,AG3,AGENT COMMISSIONS BONUSES
678,10,ASC,ASCENTIAL MIGRATION
678,10,BOT,BOTTOM LINE PRINT
678,10,BUY,BUY BACK
678,10,CFT,SERVICES CONTRACT
678,10,CHI,MAINTENANCE (CHIS)
678,10,CO1,COGNOS MIGRATION
678,10,COF,GLOB FIN - CSIM
678,10,COL,COLLECTION FEE
678,10,CPS,SPARE PARTS
678,10,DC1,DATACENTERSERVICE
678,10,DCS,DATACENTERSERVICE
678,10,DE1,SOFTWARE
678,10,DEA,PC UDSTYR
678,10,DIV,OTHER
678,10,DN9,INTRA COMPANY SDC/DENMARK
678,10,DPM,VEDLIGEHOLDELSE
678,10,DPP,VEDLIGEHOLDELSE
678,10,DRS,VEDLIGEHOLDELSE
678,10,DSM,IPLA
678,10,DSW,IPLA
678,10,EDU,EDUCATION
678,10,EQ3,TILBEH@R
678,10,ESW,ESW BILLING
678,10,GEO,GEODIS PROCUREMENT
678,10,GPP,GEODIS P2P
678,10,GSA,GSA MIGRATION (SOURCE GSA)
678,10,GSC,GSC MIGRATION
678,10,GSF,GSA MIGRATION (SOURCE GSF)
678,10,GSP,GSA MIGRATION (SOURCE GSP)
678,10,IFX,INFORMIX
678,10,IGN,NETWORKING (IGN)
678,10,IIN,DATACENTERSERVICE
678,10,L04,MSA BILLING
678,10,L05,MSA BILLING
678,10,L14,MSA BILLING
678,10,L18,MSA BILLING
678,10,L28,MSA BILLING
678,10,L34,MSA BILLING
678,10,L57,MSA BILLING
678,10,LBA,TSA BILLING
678,10,LCN,TSA BILLING
678,10,LCS,TSA BILLING
678,10,LE1,MSA BILLING
678,10,LE2,TSA BILLING
678,10,LE3,TSA BILLING
678,10,LEB,TSA BILLING
678,10,LED,ESI PCD INVOICING
678,10,LEF,TSA BILLING
678,10,LET,TSA BILLING
678,10,LEW,TSA BILLING
678,10,LFO,TSA BILLING
678,10,LHL,TSA BILLING
678,10,LHR,TSA BILLING
678,10,LIT,MANUALS
678,10,LLC,NILS LOAN
678,10,LME,TSA BILLING
678,10,LPC,LATE PAYMENT CHARGE
678,10,LPD,IPLA LPC
678,10,LPF,LATE PAYMENT FEE
678,10,LPS,SERVICES CONTRACT
678,10,LPT,LATE PAYMENT CHARGE-TLA
678,10,LRE,MSA BILLING
678,10,LTS,TSA BILLING
678,10,LUN,TSA BILLING
678,10,MTL,SOFTWARE
678,10,NIN,SMS
678,10,ON2,TILBEH@R
678,10,ONL,ANDET
678,10,OPV,VK
678,10,PAS,GLOB FIN - SAP
678,10,PBS,PROFESSIONAL BILLING SERVICES
678,10,PC0,SAP - BILLING
678,10,PCB,PER CALL
678,10,PCF,ANORDNINGER
678,10,PDS,PC UDSTYR
678,10,PPB,PROPRICE BILLING BOTTOM LINE
678,10,PPC,SERVICES
678,10,PWC,PWC MIGRATION
678,10,REN,RENT OF SPACE
678,10,RES,RESERVEDELE
678,10,SAP,VENDOR PURCHASE
678,10,SCR,SCRAP (DUMPING) FEE
678,10,SIB,SI BILLING BOTTOM LINE
678,10,SVS,SERVICES/CONSULTANCY
678,10,TD7,ANDET
678,10,TLA,LEASE (GLOBAL FINANCE)
678,10,TRI,TRADE IN
678,10,UPC,PCUDSTYR
678,10,UPO,SALES OF PC'S AND PC SW (UPOS)
678,10,VUP,PC UDSTYR
678,10,XRA,PERIODICAL LICENSE CHARGES
678,80,DMD,DMDATA
678,80,DN9,INTRA COMPANY IBM ML/DENMARK
693,#L,ATT,TSA Charge
693,#L,CAT,SW License Charge
693,#L,COF,Commercial Financing
693,#L,DPC,DPA
693,#L,DSW,Distributed SW Purchase
693,#L,ESW,SW Purchase
693,#L,FTO,FTO Services
693,#L,GBS,Global Business SVCS
693,#L,GPR,GPR Charge
693,#L,GTS,Global Tech SVCS
693,#L,HWP,HW Purchase
693,#L,IPC,IPP
693,#L,ITM,Maintenance Service
693,#L,LEA,Leasing
693,#L,LP1,Late Payment Charge
693,#L,LP2,Interest Charge
693,#L,LP3,Interest Charge
693,#L,LPC,Late Payment Charge
693,#L,MSA,MSA Charge
693,#L,NCU,Other Charges
693,#L,PAR,Parts Stock Purchase
693,#L,PEC,Per Call Service
693,#L,PMT,Multiple Supplies
693,#L,PRE,Prepayment
693,#L,REG,Other Charges
693,#L,SAP,HVEC Purchase
693,#L,SG1,Financed Business
693,#L,SG2,Financed Business
693,#L,SWP,SW Purchase
693,#L,TFN,Defer Payment Business
693,#L,TSA,Transition Support Agreement
693,#L,VAT,VAT Recharge
693,41,GEO,GEODIS PROCUREMENT
693,41,GPI,Infoprint GP
693,41,GPP,GEODIS P2P
702,10,000,UNAPPLIED PAYMENTS
702,10,072,KONEIDEN VUOKRAUS M{{R{AJAKSI
702,10,073,LISENSSISOPIMUS
702,10,075,DEALER FACTORING
702,10,0CB,CUSTOMER BID
702,10,0DA,LAINAT
702,10,0S1,TLA YLIAIKAKORKO
702,10,0S2,INCONNECT
702,10,0S3,ACCESSORIES NIP
702,10,0S4,TAKUUHUOLTO HYV
702,10,0SS,MUU SEKALAINEN LASKUTUS
702,10,ADM,ATKLAITTEIDEN MYYNTI
702,10,AER,SERVICES CONTRACT
702,10,AG1,AGENT COMMISSIONS HW
702,10,AG2,AGENT COMMISSIONS SW
702,10,AG3,AGENT COMMISSIONS BONUSES
702,10,ASI,YLIAIKAKORKO
702,10,AUP,AUP
702,10,BOT,BOTTOM LINE
702,10,BRS,BUSINESS RECOV SERV
702,10,BUY,BUY BACK
702,10,CAB,KAAPELOINTI
702,10,CEP,ATKLAITTEIDEN HUOLTO
702,10,CFT,SERVICES CONTRACT
702,10,CHI,ESA HUOLTOSOPIMUKSET YM
702,10,CO1,COGNOS MIGRATION
702,10,COF,GLOB FIN - CSIM
702,10,COL,COLLECTION FEE
702,10,COU,COU/SW PARTNUMBERS
702,10,CP3,VARAOSAVARASTON MYYNTI
702,10,CP4,M/A
702,10,CP9,PIKATILAUSLIS#
702,10,CPP,POSTIMAKSU
702,10,CPS,SPARE PARTS PURCHASE
702,10,CPT,TOIMITUS/K#SITTELYMAKSUT
702,10,CPU,PS/VP
702,10,CSI,LASKUTUSLIS#
702,10,DIV,MISCELLANEOUS
702,10,DSM,IPLA
702,10,DSW,IPLA
702,10,ED1,KOULUTUS
702,10,EDU,KOULUTUS
702,10,ESA,ESA
702,10,ESS,ESSA
702,10,ESW,ESW BILLING
702,10,FIK,ATKLAITTEIDEN VUOKRA
702,10,FIN,ATKLAITTEIDEN VUOKRA
702,10,FIO,MLC SW JAKSOTUSLASKUTUS
702,10,FMS,FACILITIES MNGT SERV
702,10,HWO,HW OTHER PS/VP
702,10,IFX,INFORMIX
702,10,IGN,NETWORKING
702,10,INS,DCS AGR
702,10,JAT,TLA LEASING JATKOKAUDEN VUOKRA
702,10,KIR,KIRJASTON MYYM# KIRJA
702,10,KUL,KULJETUSMAKSU PS
702,10,L04,MSA BILLING
702,10,L05,MSA BILLING
702,10,L14,MSA BILLING
702,10,L18,MSA BILLING
702,10,L28,MSA BILLING
702,10,L34,MSA BILLING
702,10,L57,MSA BILLING
702,10,LBA,TSA BILLING
702,10,LCN,TSA BILLING
702,10,LCS,TSA BILLING
702,10,LE1,MSA BILLING
702,10,LE2,TSA BILLING
702,10,LE3,TSA BILLING
702,10,LEB,TSA BILLING
702,10,LED,ESI PCD INVOICING
702,10,LEF,TSA BILLING
702,10,LET,TSA BILLING
702,10,LEW,TSA BILLING
702,10,LFO,TSA BILLING
702,10,LHL,TSA BILLING
702,10,LHR,TSA BILLING
702,10,LIT,KIRJALLISUUS
702,10,LME,TSA BILLING
702,10,LPC,LATE PAYM CHARGE
702,10,LPD,IPLA
702,10,LPF,LATE PAYMENT FEE
702,10,LPS,SERVICES CONTRACT
702,10,LPT,LATE PAYMENT CHARGE-TLA
702,10,LRE,MSA BILLING
702,10,LTS,TSA BILLING
702,10,LUN,TSA BILLING
702,10,MAT,MATKA JA YLL#PITOKUSTANNUKSET
702,10,NIN,SMS
702,10,NLS,TLA LEASING MLP DUE
702,10,NWS,TIETOLIIKENNETUKI
702,10,OCB,CUSTOMER BID
702,10,OEM,NON IBM HW (NIP)
702,10,OSA,PER CALL PARTS
702,10,OTC,OTC SW/HW
702,10,OTH,MISCEL
702,10,PAS,GLOB FIN - SAP
702,10,PBS,PROFESSIONAL BILLING SERVICES
702,10,PC0,SAP - BILLING
702,10,PCB,PER CALL
702,10,PCF,PURCHASE NEW EQUIPMENT
702,10,PCH,PER CALL LABOUR
702,10,PCT,PC HW
702,10,POI,VANHAT KONEET
702,10,PON,PON HW
702,10,PPB,PROPRICE BILLING
702,10,PPC,SERVICES
702,10,PRI,PS/VP PRINTERS
702,10,PWC,PWC MIGRATION
702,10,REL,ASENNUS/SIIRTOPALVELU
702,10,REN,RENT OF SPACE
702,10,SAP,VENDOR PURCHASE
702,10,SCR,SCRAP (DUMPING) FEE
702,10,SEM,RESP/ISCOM UUDET EI PS
702,10,SES,RESP/ISCOM UUDET PS
702,10,SIB,SI BILLING
702,10,SIS,KONESALILASKUTUS
702,10,SKE,SYSTEEMIKEHITYS (NON SI)
702,10,SOV,SOVELLUSHANKINTA EI IBM OHJEL
702,10,SSA,PREPAID SSA
702,10,SSB,QUATERLY SSA
702,10,SSI,SYSTEEMIKEHITYS SI SSI/A
702,10,SSS,MUU SEKAINEN LASKUTUS
702,10,STU,SYSTEEMITUKIPALVELU
702,10,SVS,SERVICES
702,10,TLA,TLA LEASING MLP DUE
702,10,TRI,TRADE IN
702,10,ULK,PER CALL HUOLTOV ULKOPUOL
702,10,UPO,DEALER/FACTORING/CARS
702,10,VAP,VAIHTOPALAUTUS
702,10,VSW,VENDOR SW STOCK
702,10,XRA,PERIODICAL CHARGES
702,10,XRK,KONEET
702,10,XRO,MLC SW QTR BILLING
704,#L,ATT,TSA Charge
704,#L,CAT,SW License Charge
704,#L,COF,Commercial Financing
704,#L,DPC,DPA
704,#L,DSW,Distributed SW Purchase
704,#L,ESW,SW Purchase
704,#L,FTO,FTO Services
704,#L,GBS,Global Business SVCS
704,#L,GPR,GPR Charge
704,#L,GTS,Global Tech SVCS
704,#L,HWP,HW Purchase
704,#L,IPC,IPP
704,#L,ITM,Maintenance Service
704,#L,LEA,Leasing
704,#L,LP1,Late Payment Charge
704,#L,LP2,Interest Charge
704,#L,LP3,Interest Charge
704,#L,LPC,Late Payment Charge
704,#L,MSA,MSA Charge
704,#L,NCU,Other Charges
704,#L,PAR,Parts Stock Purchase
704,#L,PEC,Per Call Service
704,#L,PMT,Multiple Supplies
704,#L,PRE,Prepayment
704,#L,REG,Other Charges
704,#L,SAP,HVEC Purchase
704,#L,SG1,Financed Business
704,#L,SG2,Financed Business
704,#L,SWP,SW Purchase
704,#L,TFN,Defer Payment Business
704,#L,TSA,Transition Support Agreement
704,#L,VAT,VAT Recharge
704,48,GPI,Infoprint GP
706,01,001,FACTURATION
706,01,002,REDEVANCE LOGICIEL
706,01,003,VENTE DE MATERIEL
706,01,005,SERVICES SPECIFIQ INSPECT
706,01,006,INTERVENTION INSPECTION
706,01,00F,PAS METTRE MIG
706,01,00R,PAS METTRE MIG
706,01,010,VENTES
706,01,013,ENT LONG DUREE
706,01,014,ENT EXTENS GARANTIE
706,01,016,REDEVANCE ENTRETIEN
706,01,017,PASSAGE DE LOC A VENTE
706,01,018,MAINTENANCE
706,01,019,AVENANT LONGUE DUREE
706,01,020,VENTES
706,01,023,REDEVANCE LOCATION LOGICIEL
706,01,027,EDUCATION
706,01,028,PLAN FORMATION ENTREPRISE
706,01,030,REDEVANCE LOCATION LOGICIEL
706,01,031,REDEVANCE LOCATION
706,01,032,REDEVANCE LOCATION MATERIEL
706,01,034,REDEVANCE ENTRETIEN
706,01,037,FIE STANDARD
706,01,039,FORUM / SYMPOSIUM
706,01,042,VENTES PIECES DETACHEES
706,01,043,TIERS FORMATEUR VAR
706,01,044,TIERS FORMATEUR DISTRIB
706,01,045,TIERS FORMATEUR AGENT
706,01,046,TIERS FORMATEUR NON PART
706,01,047,PLAN FORMATION ENTREPRISE
706,01,050,VENTES
706,01,057,VENTES
706,01,062,VENTES IBIS
706,01,065,SERVICES PROFESSIONNELS
706,01,066,VENTE ANALYSE LABORAT
706,01,072,SERVICES PROFESSIONNELS
706,01,073,VENTE DECHETS
706,01,075,INTEGRATION SYSTEME
706,01,078,SERVICES FORFAITAIRES
706,01,080,VENTES
706,01,085,VENTES
706,01,086,VENTES
706,01,087,VENTES
706,01,089,REDEV UTILISATION
706,01,090,SERVICES PROFESSIONNELS
706,01,091,SERVICES PROFESSIONNELS
706,01,096,VENTES PIECES DETACHEES
706,01,097,VENTES PIECES DETACHEES
706,01,1ER,OEM
706,01,2ER,VENTES NEUVES
706,01,3ER,LOGICIEL VWA
706,01,4ER,MAINTENANCE PLU ALD
706,01,6ER,MAINTENANCE PLU ALD
706,01,7ER,MAINTENANCE DP AN
706,01,8ER,VENTES INSTALLEES
706,01,9ER,VENTES CONTRE RBT
706,01,ABT,VENTES
706,01,AER,LOC DP MENS
706,01,AJO,PENALITES DE RETARD
706,01,AJU,SERVICES
706,01,ASC,ASCENTIAL MIGRATION
706,01,AUT,DIVERS
706,01,AXO,MIGRATION FIDGI CARS
706,01,BDL,VENTE MATERIEL PAR LOT
706,01,BDX,BORDEAUX
706,01,BER,LOCAT FORF
706,01,BLD,SERVICES
706,01,BLP,MAINTENANCE CHIS
706,01,BRO,BROCHURES
706,01,CER,HEURES SUP
706,01,CFA,SERVICES
706,01,CFB,SERVICES
706,01,CFC,SERVICES
706,01,CFD,SERVICES
706,01,CFE,SERVICES
706,01,CFF,SERVICES
706,01,CFG,SERVICES
706,01,CFH,SERVICES
706,01,CFI,DPA
706,01,CFJ,SERVICES
706,01,CFK,SERVICES
706,01,CFL,SERVICES
706,01,CFZ,SERVICES
706,01,CGI,FACTURES EX CGI
706,01,CO1,COGNOS MIGRATION
706,01,CO2,COGNOS MIGRATION
706,01,COF,COMMERCIALLY FINANCED
706,01,CPQ,VENTES MATERIEL
706,01,CSI,CONTRAT SOLUTION IBM
706,01,DAS,SERVICES FACT BILMAN
706,01,DAT,DATAMIRROR MIGRATION
706,01,DAV,VENTES FACT BILMAN
706,01,DER,ENTRETIEN DP
706,01,DLD,IEMS
706,01,DLT,FACTURATION
706,01,DOE,OFF SHORE
706,01,DOS,SERVICES DOM
706,01,DOV,VENTES DOM
706,01,DPA,DPA
706,01,DPS,SW PRE-PACKAGED SERVICES
706,01,DSM,IPLA MIGRATION
706,01,DSQ,SERVICES
706,01,DSW,IPLA
706,01,EDF,SERVICES FORMATION
706,01,EDU,IBIS 27 28 37 43 44 45 46 47
706,01,EER,INTERVENT DP
706,01,EIC,FACTURES EX EUREQUIP/INTEXIS/
706,01,ELT,SERVICES FORMATION
706,01,EMI,VENTE DE MATERIEL
706,01,ERP,REDEVANCE LOCATION SCE IGS
706,01,ES1,TEST ESW
706,01,ES2,TEST ESW
706,01,ESQ,SERVICES
706,01,ESS,SERVICES ESSONNES
706,01,ESV,VENTES ESSONNES
706,01,ESW,SERVICES AU FORFAIT
706,01,EUR,MIGRATION FIDGI CARS
706,01,FBC,SERVICES AU FORFAIT PWCC
706,01,FER,ASSIST DP SAT
706,01,FLT,SERVICES FORFAIT
706,01,FNF,REDEVANCE LOCATION SCE IGS
706,01,FNT,FILENET MIGRATION
706,01,FOR,SERVICES AU FORFAIT
706,01,FSO,MIGRATION CONTRATS SO
706,01,FSQ,SERVICES
706,01,GEO,GEODIS PROCUREMENT
706,01,GER,EDUCATION DP
706,01,GPP,GEODIS P2P
706,01,HER,VENTES NEUVES
706,01,HRT,HRT&M MIGRATION
706,01,HRW,VENTE DE MATERIEL
706,01,IDS,SERVICES OUTRE MER
706,01,IDV,VENTES OUTRE MER
706,01,IER,LPC
706,01,IFX,INFORMIX
706,01,ISQ,SERVICES
706,01,ISS,ISS MIGRATION
706,01,JER,DIVERS DP
706,01,KER,VENTES PIECES DETAC
706,01,LER,TRAVAUX SP
706,01,LGL,REDEVANCE LOGICIEL
706,01,LPC,PENALITES DE RETARD
706,01,LPD,IPLA
706,01,LPS,LOTUS PROFESSIONAL SERVICES
706,01,LTS,FORMATION
706,01,LYD,MIGRATION FIDGI CARS
706,01,MAN,VENTE
706,01,MAS,SERVICES FACTURES MANUELLES
706,01,MAV,VENTES FACT MANUELLES
706,01,MAX,ODYSSEY
706,01,MER,TELETRAITEMENT SB
706,01,MLT,CONTRAT DE SOLUTION
706,01,MOP,MONTPELLIER
706,01,MRO,MRO MIGRATION
706,01,MSQ,SERVICES
706,01,NBC,REDEVANCE LOCATION PWCC
706,01,NER,VENTES NON N
706,01,NKB,VENTE DE MATERIEL
706,01,NSE,FACTURATION E.BUSINESS
706,01,OEM,OEM
706,01,PC0,PC0
706,01,PER,FOURNITURES DP
706,01,PNG,REDEVANCE LOGICIEL
706,01,PON,VENTES
706,01,PRD,VENTES DE PRODUIT
706,01,PRN,PRINCETON MIGRATION
706,01,PWC,PWC MIGRATION
706,01,QER,BROCHURES DP
706,01,RBC,SERVICES EN REGIE PWCC
706,01,RDV,REDEVANCE LOGICIEL
706,01,REG,SERVICES EN REGIE
706,01,REP,REDEVANCE LOCATION SCE IGS
706,01,RER,ERIC
706,01,RLT,SERVICES REGIE
706,01,RSO,MIGRATION CONTRAT SO
706,01,RSQ,SERVICES
706,01,SAP,SAP
706,01,SCE,SERVICES
706,01,SEP,FACTURES EX SEPRIM
706,01,SER,FOR REG 0F 0R 65 72 90 91
706,01,SFW,REDEVANCE LOGICIEL
706,01,SLT,CONTRAT DE SERVICE ET SUPPORT
706,01,SSU,REDEVANCE ENTRETIEN
706,01,STD,SERVICES
706,01,STK,STK MIGRATION
706,01,TER,INT STAG OFF
706,01,TL1,TELELOGIC W2 MIGRATION
706,01,TVA,RECTIF TVA
706,01,TVB,RECTIF TVB
706,01,UER,FOURNIT OP
706,01,UPO,DIVERS
706,01,USE,VENTE DE MATERIEL
706,01,VER,MAINTEN OP
706,01,VSQ,SERVICES
706,01,WER,INTERV OP BL
706,01,XER,VENTES DOM
706,02,010,CREDIT BAIL
706,02,020,REDEVANCE MATERIELS/LOGICIELS/
706,02,030,OUVERTURE CREDIT
706,02,031,CREDIT GRATUIT IFF
706,02,050,REDEVANCE MATERIELS/LOGICIELS/
706,02,060,REDEVANCE MATERIELS/LOGICIELS/
706,02,072,PLAN DE PAIEMENT ECHEL (HARD)
706,02,080,VENTE DE MATERIEL
706,02,085,REDEVANCE DE MIGRATION
706,02,086,INDEMNITIE DE RESILIATION
706,02,087,RBT ANTICIPE DE PRET
706,02,088,INDEM. DE RESILIATION DE PRET
706,02,CES,CESSION DE CREANCES
706,02,CFA,REGUL TRASI
706,02,CFE,INDEMNITES DE RETARD
706,02,CFG,REGUL SUR LOYERS
706,02,CFH,VENTE SUR STOCK
706,02,CFJ,REDEVANCE
706,02,CFK,PENALTIES SOCIETIE 07
706,02,CFL,REGULS REMARKETING
706,02,CFZ,DIVERS
706,02,D02,DIVERS SOCIETE 02
706,02,D03,DIVERS SOCIETE 03
706,02,D07,DIVERS SOCIETE 07
706,02,DPA,DPA
706,02,LPC,PENALITES DE RETARD
706,02,NDD,CESSION DE CREANCE
706,02,PPE,PLAN DE PAIEMENT ECHE (SERV)
706,02,PPH,PLAN DE PAIEMENT ECHE (HARD)
706,03,010,CREDIT BAIL
706,03,020,REDEVANCE MATERIELS/LOGICIELS/
706,03,030,OUVERTURE CREDIT
706,03,031,CREDIT GRATUIT IFF
706,03,050,REDEVANCE MATERIELS/LOGICIELS/
706,03,060,REDEVANCE MATERIELS/LOGICIELS/
706,03,072,PLAN DE PAIEMENT ECHEL (HARD)
706,03,080,VENTE DE MATERIEL
706,03,085,REDEVANCE DE MIGRATION
706,03,086,INDEMNITIE DE RESILIATION
706,03,087,RBT ANTICIPE DE PRET
706,03,088,INDEM. DE RESILIATION DE PRET
706,03,CES,CESSION DE CREANCES
706,03,CFA,REGUL TRASI
706,03,CFE,INDEMNITES DE RETARD
706,03,CFG,REGUL SUR LOYERS
706,03,CFH,VENTE SUR STOCK
706,03,CFJ,REDEVANCE
706,03,CFK,PENALTIES SOCIETIE 07
706,03,CFL,REGULS REMARKETING
706,03,CFZ,DIVERS
706,03,D03,DIVERS SOCIETE 03
706,03,D07,DIVERS SOCIETE 07
706,03,DPA,DPA
706,03,LPC,PENALITES DE RETARD
706,03,NDD,CESSION DE CREANCE
706,03,PPE,PLAN DE PAIEMENT ECHE (SERV)
706,03,PPH,PLAN DE PAIEMENT ECHE (HARD)
706,07,010,CREDIT BAIL
706,07,020,REDEVANCE MATERIELS/LOGICIELS/
706,07,030,OUVERTURE CREDIT
706,07,031,CREDIT GRATUIT IFF
706,07,050,REDEVANCE MATERIELS/LOGICIELS/
706,07,060,REDEVANCE MATERIELS/LOGICIELS/
706,07,072,PLAN DE PAIEMENT ECHEL (HARD)
706,07,080,VENTE DE MATERIEL
706,07,085,REDEVANCE DE MIGRATION
706,07,086,INDEMNITIE DE RESILIATION
706,07,087,RBT ANTICIPE DE PRET
706,07,088,INDEM. DE RESILIATION DE PRET
706,07,CES,CESSION DE CREANCES
706,07,CFA,REGUL TRASI
706,07,CFE,INDEMNITES DE RETARD
706,07,CFG,REGUL SUR LOYERS
706,07,CFH,VENTE SUR STOCK
706,07,CFJ,REDEVANCE
706,07,CFK,PENALTIES SOCIETIE 07
706,07,CFL,REGULS REMARKETING
706,07,CFZ,DIVERS
706,07,D03,DIVERS SOCIETE 03
706,07,D07,DIVERS SOCIETE 07
706,07,DPA,DPA
706,07,LPC,PENALITES DE RETARD
706,07,NDD,CESSION DE CREANCE
706,07,PPE,PLAN DE PAIEMENT ECHE (SERV)
706,07,PPH,PLAN DE PAIEMENT ECHE (HARD)
707,#L,ATT,TSA Charge
707,#L,CAT,SW License Charge
707,#L,COF,Commercial Financing
707,#L,DPC,DPA
707,#L,DSW,Distributed SW Purchase
707,#L,ESW,SW Purchase
707,#L,FTO,FTO Services
707,#L,GBS,Global Business SVCS
707,#L,GPR,GPR Charge
707,#L,GTS,Global Tech SVCS
707,#L,HWP,HW Purchase
707,#L,IPC,IPP
707,#L,ITM,Maintenance Service
707,#L,LEA,Leasing
707,#L,LP1,Late Payment Charge
707,#L,LP2,Interest Charge
707,#L,LP3,Interest Charge
707,#L,LPC,Late Payment Charge
707,#L,MSA,MSA Charge
707,#L,NCU,Other Charges
707,#L,PAR,Parts Stock Purchase
707,#L,PEC,Per Call Service
707,#L,PMT,Multiple Supplies
707,#L,PRE,Prepayment
707,#L,REG,Other Charges
707,#L,SAP,HVEC Purchase
707,#L,SG1,Financed Business
707,#L,SG2,Financed Business
707,#L,SWP,SW Purchase
707,#L,TFN,Defer Payment Business
707,#L,TSA,Transition Support Agreement
707,#L,VAT,VAT Recharge
707,52,GPI,Infoprint GP
708,44,ATT,TSA Charge
708,44,CAT,SW License Charge
708,44,COF,Commercial Financing
708,44,DPC,DPP
708,44,DSW,Distrib SW Purchase
708,44,EWM,SW License Charge
708,44,EWO,SW Purchase
708,44,FTO,FTO Services
708,44,GBS,Global Busin SVCS
708,44,GPI,Infoprint GP
708,44,GPR,GPR Charge
708,44,GTS,Global Tech SVCS
708,44,HWP,HW Purchase
708,44,IPC,IPP
708,44,ITM,Maintenance Service
708,44,LEA,Leasing
708,44,LP1,Late Payment Charge
708,44,LP2,Interest Charge
708,44,LP3,Interest Charge
708,44,LPC,Late Payment Charge
708,44,MSA,MSA Charge
708,44,NCU,Other Charges
708,44,PAR,Parts Stock Purchase
708,44,PEC,Per Call Service
708,44,PMT,Multiple Supplies
708,44,PRE,Prepayment
708,44,REG,Other Charges
708,44,SAP,HVEC Purchase
708,44,SG1,Financed Business
708,44,SG2,Financed Business
708,44,SWP,SW Purchase
708,44,TFN,Defer PMT Business
708,44,TSA,Transition Support Agreement
708,44,VAT,VAT Recharge
724,01,000,Dummy
724,01,101,Kauf Neu
724,01,102,Kauf installiert
724,01,103,Leasingraten
724,01,104,BVB MIETE
724,01,105,MIETE
724,01,108,SE Service ITS
724,01,109,Wartung ITS
724,01,111,DCS Network Service
724,01,113,Schulung
724,01,114,Literatur
724,01,117,Wartung Quartal RG ITS
724,01,118,EAS Quarterly SAP
724,01,119,Quarterly Billing
724,01,121,PC Haendler
724,01,122,PC Haendler
724,01,123,PC Haendler
724,01,129,KISSA Nachberechnung
724,01,134,SW Einmalgebuehren BVB
724,01,135,SW Einmalgebuehren non BVB
724,01,139,Per Call
724,01,141,PC COM
724,01,150,OEM PS
724,01,151,OEM Enterprise
724,01,152,OEM Adstar
724,01,153,OEM Adstar
724,01,154,OEM Enterprise
724,01,155,OEM
724,01,156,OEM Network Systems
724,01,157,OEM Enterprise
724,01,158,Verkaeufe Service
724,01,159,Verkaeufe Service
724,01,160,OEM Retail
724,01,161,OEM Retail
724,01,162,OEM Retail
724,01,163,OEM Retail
724,01,170,Order Desk
724,01,175,MEGANET Forderungen
724,01,176,LOTUS HW u SW Verkaeufe
724,01,177,LOTUS Service Produkte
724,01,180,Hitachi Joint Venture
724,01,203,Leasing faellig
724,01,204,Leasing
724,01,210,Sonstiges
724,01,222,Service Vertrag BCS
724,01,223,Service Vertraege ITS
724,01,224,Service Vertrag SO
724,01,225,Service Vertrag LS
724,01,226,Service Vertrag E Business
724,01,227,Consulting
724,01,228,Software Group
724,01,230,Service Vertrag RSS
724,01,250,Katalog Kauf
724,01,301,Zubehoer
724,01,332,Wartung Pennant
724,01,333,Drucker Pennant
724,01,334,SI Vertraege
724,01,335,SI Vertraege
724,01,336,Miete Pennant
724,01,401,TZ Kauf Neu
724,01,402,Teilzahl Rate
724,01,403,Teilzahl Loan TSO
724,01,404,Teilzahlung
724,01,405,Teilzahlung
724,01,500,Unallocated Cash
724,01,501,KIV
724,01,503,KIV Verzugszinsen
724,01,504,Projekte Ecu und  D Rechnungen
724,01,505,Forderungen aus Dahrlehen
724,01,510,SI Vertraege BCS
724,01,511,Bottom Line Price
724,01,601,Verkaeufe
724,01,603,[{\¦]}~
724,01,604,Leasing
724,01,650,CD Software
724,01,666,AT und T Forderungen
724,01,700,Wechseldiskont
724,01,750,Unearned Interest
724,01,780,Inkasso
724,01,801,Kauf gebrauchter Maschinen
724,01,802,Kauf gebrauchter Maschinen TL
724,01,850,CGI Provision
724,01,901,Trade in
724,01,995,DUMMY RT FUER ABBRUECHE
724,01,999,Auftragsbezogener BEV
724,01,ASC,ASCENTIAL Migration
724,01,BTS,BTS
724,01,CO1,COGNOS MIGRATION
724,01,CO3,COGNOS MIGRATION
724,01,CON,ConsulRisk
724,01,CSG,CSG Migration
724,01,DAT,DATAMIRROR Migration
724,01,DLD,IEMS Billing
724,01,DPS,Pre Packaged Services
724,01,DSM,IPLA migriert
724,01,DSW,IPLA and rational
724,01,ETS,E und TS
724,01,FNT,FileNet
724,01,GEO,GEODIS PROCUREMENT
724,01,GPP,GEODIS P2P
724,01,IFX,Informix
724,01,ILG,ILOG MIGRATION
724,01,ISS,ISS
724,01,ITS,ITS Migration
724,01,LPC,LPC Rechnungen
724,01,LPD,LPC IPLA
724,01,LPS,Lotus Prof Services
724,01,MAF,MAX 2000 Credit Card
724,01,MAX,MAX 2000 Credit Card
724,01,MDT,MDTV Migration
724,01,MRO,MRO Migration
724,01,PC0,PS Com
724,01,PRN,PRINCETON Migration
724,01,PWC,PWC Migration
724,01,SER,SERCON Migration
724,01,STK,Softtec Migration
724,01,TL1,telelogic migration
724,01,UBG,Beratung
724,15,108,Service Leistungen
724,15,210,Sonstiges
724,15,DSW,IPLA
724,15,LPC,LPC
724,15,LPD,IPLA LPC
724,15,S23,IBB
724,15,S24,IBB
724,15,S25,IBB
724,15,S26,IBB
724,16,BTS,BTS
724,16,LPC,LPC
724,16,LPD,IPLA LPC
724,19,LPC,LPC
724,19,LPD,IPLA LPC
724,19,S43,ICG
724,19,S44,ICG
724,19,S45,ICG
724,19,S46,ICG
724,33,LPC,LPC
724,33,LPD,IPLA LPC
724,33,S53,DVO
724,33,S54,DVO
724,33,S55,DVO
724,33,S56,DVO
724,34,650,CD Software
724,34,LPC,LPC
724,34,LPD,IPLA LPC
724,34,S33,ICA
724,34,S34,ICA
724,34,S35,ICA
724,34,S36,ICA
724,36,L36,LPC
724,36,LPD,IPLA LPC
724,36,S14,STR Outsourcing
724,36,S15,STR Outsourcing DISOS
724,36,S16,AMS FUR SO
724,39,510,SI Vertraege
724,39,LPC,LPC
724,39,LPD,IPLA LPC
724,39,S63,IMS
724,39,S64,IMS
724,39,S65,IMS
724,39,S66,IMS
724,48,000,Dummy
724,48,101,Kauf Neu
724,48,102,Kauf installiert
724,48,103,Leasingraten
724,48,104,BVB MIETE
724,48,105,MIETE
724,48,108,SE Service ITS
724,48,109,Wartung ITS
724,48,111,DCS Network Service
724,48,113,Schulung
724,48,114,Literatur
724,48,117,Wartung Quartal RG ITS
724,48,118,EAS Quarterly SAP
724,48,119,Quarterly Billing
724,48,121,PC Haendler
724,48,122,PC Haendler
724,48,123,PC Haendler
724,48,129,KISSA Nachberechnung
724,48,134,SW Einmalgebuehren BVB
724,48,135,SW Einmalgebuehren non BVB
724,48,139,Per Call
724,48,141,PS COM
724,48,150,OEM PS
724,48,151,OEM Enterprise
724,48,152,OEM Adstar
724,48,153,OEM Adstar
724,48,154,OEM Enterprise
724,48,155,OEM
724,48,156,OEM Network Systems
724,48,157,OEM Enterprise
724,48,158,Verkaeufe Service
724,48,159,Verkaeufe Service
724,48,160,OEM Retail
724,48,161,OEM Retail
724,48,162,OEM Retail
724,48,163,OEM Retail
724,48,170,Order Desk
724,48,175,MEGANET Forderungen
724,48,176,LOTUS HW u SW Verkaeufe
724,48,177,LOTUS Service Produkte
724,48,180,Hitachi Joint Venture
724,48,203,Leasing faellig
724,48,204,Leasing
724,48,210,Sonstiges
724,48,222,Service Vertrag BCS
724,48,223,Service Vertraege ITS
724,48,224,Service Vertrag SO
724,48,225,Service Vertrag LS
724,48,226,Service Vertrag E Business
724,48,227,Consulting
724,48,228,Software Group
724,48,230,Service Vertrag RSS
724,48,250,Katalog Kauf
724,48,301,Zubehoer
724,48,332,Wartung Pennant
724,48,333,Drucker Pennant
724,48,334,SI Vertraege
724,48,335,SI Vertraege
724,48,336,Miete Pennant
724,48,401,TZ Kauf Neu
724,48,402,Teilzahl Rate
724,48,403,Teilzahl Loan TSO
724,48,404,Teilzahlng
724,48,405,Teilzahlung
724,48,500,Unallocated Cash
724,48,501,KIV
724,48,503,KIV Verzugszinsen
724,48,504,Projekte Ecu und  D Rechnungen
724,48,505,Forderungen aus Dahrlehen
724,48,510,SI Vertraege BCS
724,48,511,Bottom Line Price
724,48,601,Verkaeufe
724,48,603,Leasing Kauf
724,48,604,Leasing
724,48,650,CD Software
724,48,666,AT und T FORDERUNGEN
724,48,700,Wechseldiskont
724,48,750,Unearned Interest
724,48,780,Inkasso
724,48,801,Kauf gebrauchter Maschinen
724,48,802,Kauf gebrauchter Maschinen TL
724,48,850,CGI Provision
724,48,901,Trade in
724,48,995,DUMMY R/T FUER ABBRUECHE
724,48,999,Auftragsbezogener BEV
724,48,ASC,ASCENTIAL Migration
724,48,CON,ConsulRisk
724,48,DAT,DATAMIRROR Migration
724,48,DLD,IEMS Billing
724,48,DPS,Pre Packaged Services
724,48,DSM,IPLA migriert
724,48,DSW,IPLA and rational
724,48,ETS,E und TS
724,48,FNT,FileNet
724,48,IFX,Informix
724,48,ISS,ISS
724,48,LPC,LPC Rechnungen
724,48,LPD,LPC IPLA
724,48,LPS,Lotus Prof Services
724,48,MAF,MAX 2000 Credit Card
724,48,MAX,MAX 2000 Credit Card
724,48,MRO,MRO Migration
724,48,PC0,PC Com
724,48,PRN,PRINCETON Migration
724,48,PWC,PWC Migration
724,48,STK,Softtec Migration
724,48,UBG,Beratung
724,73,000,Dummy
724,73,101,Kauf Neu
724,73,102,Kauf installiert
724,73,104,BVB MIETE
724,73,105,MIETE
724,73,108,SE Service ITS
724,73,109,Wartung ITS
724,73,111,DCS Network Service
724,73,113,Schulung
724,73,114,Literatur
724,73,117,Wartung Quartal RG ITS
724,73,118,EAS Quarterly SAP
724,73,119,Quarterly Billing
724,73,121,PC Haendler
724,73,122,PC Haendler
724,73,129,KISSA Nachberechnung
724,73,134,SW Einmalgebuehren BVB
724,73,135,SW Einmalgebuehren non BVB
724,73,139,Per Call
724,73,141,PS COM
724,73,150,OEM PS
724,73,151,OEM Enterprise
724,73,152,OEM Adstar
724,73,153,OEM Adstar
724,73,154,OEM Enterprise
724,73,155,OEM
724,73,156,OEM Network Systems
724,73,157,OEM Enterprise
724,73,158,Verkaeufe Service
724,73,159,Verkaeufe Service
724,73,163,OEM Retail
724,73,170,Order Desk
724,73,175,MEGANET Forderungen
724,73,210,Sonstiges
724,73,222,Service Vertrag BCS
724,73,223,Service Vertraege ITS
724,73,224,Service Vertrag SO
724,73,225,Service Vertrag LS
724,73,226,Service Vertrag E Business
724,73,227,Consulting
724,73,228,Software Group
724,73,230,Service Vertrag RSS
724,73,250,Katalog Kauf
724,73,301,Zubehoer
724,73,333,Drucker Pennant
724,73,334,SI Vertraege
724,73,500,Unallocated Cash
724,73,501,KIV
724,73,503,KIV Verzugszinsen
724,73,504,Projekte Ecu und  D Rechnungen
724,73,505,Forderungen aus Dahrlehen
724,73,510,SI Vertraege BCS
724,73,511,Bottom Line Price
724,73,601,Verkaeufe
724,73,650,CD Software
724,73,700,Wechseldiskont
724,73,750,Unearned Interest
724,73,780,Inkasso
724,73,801,Kauf gebrauchter Maschinen
724,73,850,CGI Provision
724,73,901,Trade in
724,73,ASC,ASCENTIAL Migration
724,73,CON,ConsulRisk
724,73,DAT,DATAMIRROR Migration
724,73,DLD,IEMS Billing
724,73,DPS,Pre Packaged Services
724,73,DSM,IPLA migriert
724,73,DSW,IPLA and rational
724,73,ETS,E und TS
724,73,FNT,FileNet
724,73,IFX,Informix
724,73,ISS,ISS
724,73,LPC,LPC Rechnungen
724,73,LPD,LPC IPLA
724,73,LPS,Lotus Prof Services
724,73,MAF,MAX 2000 Credit Card
724,73,MAX,MAX 2000 Credit Card
724,73,MRO,MRO Migration
724,73,PC0,PS Com
724,73,PRN,PRINCETON Migration
724,73,PWC,PWC Migration
724,73,STK,Softtec Migration
724,73,UBG,Beratung
726,01,200,
726,01,201,
726,01,280,
726,01,410,
726,01,411,
726,01,600,LPC INVOICES
726,01,EML,ESW MONTHLY CHARGES
726,01,ESW,ENTITLED SOFTWARE
740,#L,ATT,TSA Charge
740,#L,CAT,SW License Charge
740,#L,COF,Commercial Financing
740,#L,DPC,DPA
740,#L,DSW,Distributed SW Purchase
740,#L,ESW,SW Purchase
740,#L,FTO,FTO Services
740,#L,GBS,Global Business SVCS
740,#L,GPR,GPR Charge
740,#L,GTS,Global Tech SVCS
740,#L,HWP,HW Purchase
740,#L,IPC,IPP
740,#L,ITM,Maintenance Service
740,#L,LEA,Leasing
740,#L,LP1,Late Payment Charge
740,#L,LP2,Interest Charge
740,#L,LP3,Interest Charge
740,#L,LPC,Late Payment Charge
740,#L,MSA,MSA Charge
740,#L,NCU,Other Charges
740,#L,PAR,Parts Stock Purchase
740,#L,PEC,Per Call Service
740,#L,PMT,Multiple Supplies
740,#L,PRE,Prepayment
740,#L,REG,Other Charges
740,#L,SAP,HVEC Purchase
740,#L,SG1,Financed Business
740,#L,SG2,Financed Business
740,#L,SWP,SW Purchase
740,#L,TFN,Defer Payment Business
740,#L,TSA,Transition Support Agreement
740,#L,VAT,VAT Recharge
740,02,GPI,Infoprint GP
740,45,GEO,GEODIS PROCUREMENT
740,45,GPI,Infoprint GP
740,45,GPP,GEODIS P2P
754,30,003,MISC SEE INVOICE FOR DETAIL
754,30,009,MISC SEE INVOICE FOR DETAIL
754,30,010,COMPUTER BILLING
754,30,011,COMPUTER BILLING
754,30,012,IBM INFORMATION NETWORK
754,30,013,IBM INFORMATION NETWORK
754,30,014,PERSONAL COMPUTER
754,30,015,PERSONAL COMPUTER
754,30,016,PERSONAL COMPUTER
754,30,017,MAINTENANCE AGREEMENT
754,30,018,MAINTENANCE AGREEMENT CREDIT
754,30,019,CHIS
754,30,020,TYPEWRITER/PRINTER
754,30,021,CHIS CREDITS
754,30,022,COMPUTER/OFFICE SUPPLIES
754,30,026,COMPUTER/OFFICE SUPPLIES
754,30,027,TYPEWRITER/PRINTER
754,30,028,MISC - SEE INVOICE FOR DETAIL
754,30,02A,SEQUENT
754,30,02B,SEQUENT
754,30,02C,SEQUENT
754,30,02D,SEQUENT
754,30,02E,SEQUENT
754,30,02F,SEQUENT
754,30,02G,SEQUENT
754,30,02H,SEQUENT
754,30,02K,SEQUENT
754,30,02L,SEQUENT
754,30,02M,SEQUENT
754,30,02N,SEQUENT
754,30,02P,SEQUENT
754,30,02Q,SEQUENT
754,30,02R,SEQUENT
754,30,02S,SEQUENT
754,30,02T,CHIS
754,30,02U,SEQUENT
754,30,02V,SEQUENT
754,30,02W,SEQUENT
754,30,02X,SEQUENT
754,30,02Y,SEQUENT
754,30,030,MISC - SEE INVOICE FOR DETAIL
754,30,031,COMPUTER PARTS EXCHANGE
754,30,032,LITERATURE
754,30,033,COMPUTER PARTS TRANSPORT
754,30,034,MISC - SEE INVOICE DETAILS
754,30,035,MISC - SEE INVOICE FOR DETAILS
754,30,037,PURCHASE OF RENTAL EQUIPMENT
754,30,038,PURCHASE OF RENTAL EQUIPMENT
754,30,039,COMPUTER HARDWARE
754,30,03A,SEQUENT
754,30,03B,SEQUENT
754,30,040,LITERATURE
754,30,041,COMPUTER PARTS EXCHANGE
754,30,042,COMPUTER HARDWARE RENTAL
754,30,043,MISC - SEE INVOICE FOR DETAILS
754,30,044,MISC - SEE INVOICE FOR DETAILS
754,30,045,COMPUTER HARDWARE
754,30,046,MAINTENANCE
754,30,047,EDUCATION
754,30,048,MAINTENANCE
754,30,049,MISC - SEE INVOICE DETAILS
754,30,04A,BANK OF SCOTLAND
754,30,04B,SEQUENT
754,30,050,COMPUTER BILLING
754,30,051,COMPUTER BILLING
754,30,052,HOURLY SERVICE MAINT
754,30,053,HOURLY SERVICE MAINT
754,30,054,USAGE CHARGES
754,30,055,USAGE CHARGES
754,30,058,PROFESSIONAL SERVICES
754,30,059,PROFESSIONAL SERVICES
754,30,060,SOFTWARE
754,30,061,SOFTWARE
754,30,062,MISC - SEE INVOICE FOR DETAILS
754,30,063,MISC - SEE INVOICE FOR DETAILS
754,30,064,MISC - SEE INVOICE FOR DETAILS
754,30,065,SOFTWARE RENTAL
754,30,066,COMPUTER BILLING
754,30,067,COMPUTER BILLING
754,30,068,SOFTWARE
754,30,070,COMPUTER HARDWARE RENTAL
754,30,072,MISC - SEE INVOICE FOR DETAILS
754,30,073,COMPUTER SYSTEM SERVICE
754,30,074,COMPUTER SYSTEM SERVICE
754,30,075,TYPEWRITER MAINTENANCE
754,30,078,USAGE CHARGES
754,30,080,CGI #1
754,30,082,COMPUTER BILLING
754,30,083,CGI #2
754,30,085,MISC - SEE INVOICE FOR DETAILS
754,30,087,MISC - SEE INVOICE FOR DETAILS
754,30,088,COMPUTER HARDWARE
754,30,090,SOFTWARE RENTAL
754,30,092,PROFESSIONAL SERVICES
754,30,093,PROFESSIONAL SERVICES
754,30,094,PROFESSIONAL SERVICES
754,30,095,PROFESSIONAL SERVICES
754,30,096,INTEREST INVOICE
754,30,097,CREDIT OF INTEREST CHARGE
754,30,098,LATE PAYMENT FEES
754,30,099,CREDIT OF LATE PAYMENT FEES
754,30,0AA,CUSTOMER FINANCING
754,30,0BA,CUSTOMER FINANCING
754,30,COF,DEALER FINANCE
754,30,DSM,IPLA MIGRATION
754,30,DSW,IPLA
754,30,ESW,ESW BILLING
754,30,FNT,FILENET MIGRATION
754,30,GEO,GEODIS PROCUREMENT
754,30,GPP,GEODIS P2P
754,30,IFX,INFORMIX
754,30,LED,LED
754,30,LPD,IPLA LPC
754,30,LPS,LOTUS PROF. SERVICES
754,30,PBS,PROFESSIONAL BILLING SERVICES
754,30,PC0,PC COMPANY
754,30,PWC,PWC MIGRATION
754,30,SAP,PC COMPANY
756,02,102,REGULAR WTC DOL - ACCOUNTS
756,02,103,REGULAR ISR DOL - ACCOUNTS
756,02,106,REGULAR ITA DOL - ACCOUNTS
756,02,10A,IS BILLING SHK AT&T
756,02,10B,REGULAR WTC SHK
756,02,10C,IS BILLING SHK ISR
756,02,10F,REGULAR ITA SHK
756,02,122,REGULAR WTC DOL PS- ACCOUNTS
756,02,131,SERVICE SHK
756,02,132,SERVICE SHK
756,02,133,SERVICE SHK
756,02,13B,SERVICE SHK
756,02,13C,SERVICE SHK
756,02,13F,SERVICE SHK
756,02,142,REGULAR WTC DOL SI- ACCOUNTS
756,02,14B,REGULAR WTC SHK
756,02,14C,REGULAR ISR SHK
756,02,14F,REGULAR ITA SHK
756,02,15C,AT&T  SHK
756,02,192,SERVICE WTC DOL - PSG
756,02,193,SERVICE ISR DOL - PSG
756,02,196,SERVICE ITA DOL - PSG
756,02,19A,IS SERVICE SHK PSG
756,02,19B,SERVICE WTC SHK PSG
756,02,19C,IS BILLING SHK ISR
756,02,202,RATIONAL [
756,02,20C,AD-PMT ISR SHK
756,02,212,DEV LON WT $
756,02,213,DEV LON ISR $
756,02,216,DEV LON ITA $
756,02,322,AR  IPP WT $
756,02,323,AR  IPP WT $
756,02,326,AR  IPP ITA $
756,02,32B,L   BILLING  ISR
756,02,32C,ESSA DUE SHK  IS
756,02,32F, ITA SHK
756,02,332,ESSA INTEREST DOL -
756,02,333,IPP   DOL ISR
756,02,336,IPP  INTEREST DOL - ISR
756,02,33C,ESSA INTEREST SHK
756,02,33F, ITA SHK
756,02,352,FIN WT $ IN PROS
756,02,353,FIN IS $ IN PROS
756,02,356,FIN WT $ IN PROS
756,02,35C,FIN INS PROS ISR
756,02,362,OTC  FIN WT  $
756,02,363,OTC  FIN IS  $
756,02,366,OTC  FIN ITA $
756,02,36C,ESSA FIN ISR SHK
756,02,36F, ITA SHK
756,02,372,O.T.C FIN WT $
756,02,376,O.T.C IN ITA $
756,02,37B,ESSA FIN WT  SHK
756,02,37C,ESSA FIN ISR SHK
756,02,37F, ITA SHK
756,02,426,DPA $ ITA
756,02,42C,DPA IS SHK ISR
756,02,512,TLA WT $
756,02,516,TLA ITA $
756,02,51B,TLA WT SHK
756,02,522,OPERATING LEASE [
756,02,602,LEGAL FIN WT  $
756,02,603,LEGAL FIN ISR $
756,02,606,LEGAL FIN NIS ITA
756,02,60B,LEGAL FIN  SHK WT
756,02,60C,LEGAL FIN SHK ISR
756,02,60F,LEGAL FIN NIS ITA
756,02,612,LEGAL REG $ WT
756,02,613,LEGAL ISR $ FIN
756,02,616,LEGAL REG $ IT
756,02,61A,LEGAL REG  SHK AT&T
756,02,61B,LEGAL REG  SHK  WT
756,02,61C,LEGAL REG  SHK
756,02,61F,LEGAL REG NIS ITLY
756,02,64A,LEGAL P/S SHK
756,02,64B,LEGAL P/S SHK
756,02,64C,LEGAL P/S SHK
756,02,64F,LEGAL P/S SHK
756,02,712,ORS PON WT DOL -
756,02,713,ORS PON ISR DOL -
756,02,716,ORS PON ITA DOL -
756,02,71A,ORS PON AT&T SHK
756,02,71B,ORS PON WT SHK
756,02,71C,ORS PON ISR SHK
756,02,71F, ITA SHK
756,02,722,ORS PS WT $
756,02,726,ORS PS WT $
756,02,72B,ORS PS WT  SHK
756,02,72C,ORS PS ISR SHK
756,02,742,PS PON WT $
756,02,743,ORS PS ISR $
756,02,746,PS PON ITA$
756,02,74B,ORS PS WT  AHK
756,02,74C,ORS PS ISR SHK
756,02,772,ORS PON WT DOL -
756,02,ESW,ENTITLED SOFTWARE
756,02,GEO,GEODIS PROCUREMENT
756,02,GPP,GEODIS P2P
756,02,LP2,LATE PAYMENT CHARGES
756,03,10C,IS BILLING SHK ISR
756,03,12C,ISR SOFTWARE PRODUCTS RENTAL
756,03,13C,SERVICE SHK
756,03,14C,REGULAR ISR SHK
756,03,15C,AT&T  SHK
756,03,19C,SERVICE PSG SHK
756,03,20C,AD-PMT ISR SHK
756,03,32C,ESSA DUE SHK  IS
756,03,33C,ESSA INTEREST SHK
756,03,35C,FIN INS PROS ISR
756,03,36C,ESSA FIN ISR SHK
756,03,37C,ESSA FIN ISR SHK
756,03,42C,DPA IS SHK ISR
756,03,44C,PC
756,03,51C,TLA WT SHK
756,03,52C,OPERATING LEASE SHK
756,03,60C,LEGAL FIN SHK ISR
756,03,61C,LEGAL REG  SHK
756,03,64C,LEGAL P/S SHK
756,03,70C,BCS
756,03,71C,ORS PON ISR SHK
756,03,72C,ORS PS ISR SHK
756,03,74C,ORS PS ISR SHK
756,03,ESW,ENTITLED SOFTWARE
756,03,FIX,FILESX MIGRATION
756,03,GEO,GEODIS PROCUREMENT
756,03,GPP,GEODIS P2P
756,03,LPC,LATE PAYMENT CHARGES
756,03,XIV,XIV MIGRATION
756,07,10G,IIS BILL SHEKEL
756,07,17G,IIS SHEK BILL ORIGINAL [
756,07,70G,BCS
756,07,LPG,LATE PAYMENT CHARGES
756,08,10H,IGSI BILL SHEKEL
756,08,17H,IGSI SHEK BILL ORIGINAL [
756,08,20H,AD-PMT ISR SHK
756,08,38H,IGSI SO FINANCE
756,08,61H,
756,08,70H,BCS
756,08,LPH,LATE PAYMENT CHARGES
758,01,100,SERVIZI (MULTIFACTOR)
758,01,101,FATTURATO PSG
758,01,102,FATTURATO PSG
758,01,103,FATTURATO PSG
758,01,104,FATTURATO PSG
758,01,123,LOTUS
758,01,206,PON CEDUTO IBM FACTOR
758,01,207,RIMBORSI R S
758,01,208,RIMBORSI PON
758,01,209,ESTENSIONE TLA
758,01,210,NOLEGGIO USO ADDIZ
758,01,211,CESSIONI DIVERSE
758,01,212,SW OTC DA CED. IBM F. XS
758,01,213,ACCESSORI CONTRASSEGNO
758,01,215,ACCESSORI
758,01,216,R/L DA CEDERE A COMIT
758,01,217,MASS MAILING
758,01,218,VEND. BCA <25 POI
758,01,220,PON
758,01,221,POI
758,01,222,PON PAG. ANTICIPATO 'L'
758,01,223,PON DA CEDERE A COMIT
758,01,224,PON CEDUTO A COMIT
758,01,225,MANUTENZIONE CED IBM FACT
758,01,226,SYSTEM INTEGRATION
758,01,227,SYSTEM INTEGRATION
758,01,228,IPP BANK PON
758,01,229,POI IPP
758,01,230,DCS
758,01,231,SOFTWARE DA CEDERE X SAL
758,01,232,SOFTWARE FACTOR CEDUTO
758,01,233,SOFTWARE OTC ILCUTO
758,01,234,RIACQUISTI SOFTWARE
758,01,235,PR SP SOFTW DA CEDERE IF
758,01,236,SOFTW DA CEDERE IFI
758,01,237,SOFTW PAGAM. ANTICIPATO
758,01,238,PROG SPEC MARKTG
758,01,239,SOFTW DA CEDERE COMIT X S
758,01,240,M A MOROSI FCTORMIT
758,01,241,MANUTENZIONE DA CEDERE
758,01,242,MANUTENZIONE CEDUTA
758,01,243,MANUTENZIONE DIRECT D
758,01,244,RIACQUISTI MANUTENZIONE
758,01,245,MANUTENZIONE
758,01,246,MANUTENZIONE PER CALL
758,01,247,MANUTENZIONE PAGAM ANTIC
758,01,250,SERVIZI ASSISTENZA
758,01,251,MANUTENZIONE CASH
758,01,252,MANUTENZIONE CONTRASSEGNO
758,01,255,CREDITO ROTATIVO
758,01,256,MANUT. ROTATIVO SALDO
758,01,257,MANUT. N/C IS
758,01,259,VENDITA DISPENSE
758,01,260,EDUCATION DISPENSE
758,01,261,SW OTC FINANCING X SALD
758,01,262,INTERESSI SW OTC FINANCI
758,01,263,SW OTC FINANCI PUBB
758,01,264,MANUTENZIONE DA CEDERE IBM FA
758,01,265,MENUTENZIONE FINANCING
758,01,268,PON DA CEDERE IBM FAC X SALD
758,01,270,PON
758,01,271,POI
758,01,272,TLA RISCATTI
758,01,273,TLA PER SALDATO AUTOMATICO
758,01,274,INTERESSI 3090
758,01,275,PON SLA
758,01,276,TLA PER SALDATO AUTOMATICO
758,01,277,TLA RISCATTO ANT. CASH
758,01,280,RIASCQUISTI FACTOR
758,01,281,RIOS RITENUTA D'ACCONTO
758,01,282,RIOS RITENUTA D'ACCONTO
758,01,283,BUY BACK
758,01,284,RIOS RITENUTA D'ACCONTO
758,01,286,PRESTITI COMMERCIALI
758,01,288,PROGRAMMI SPECIALI
758,01,295,SLA CLIENTI PUBBLICI
758,01,296,INTERESSI SU PIANI DI RE
758,01,297,PENALI SU RITARDATO PAGAMENTO
758,01,298,RECUPERO SPESE INCASSO
758,01,299,INTERESSI DI MORA TLA SW
758,01,300,RIOS RITENUTA D'ACCONTO
758,01,306,VENDITE VARIE SCHEDE
758,01,307,VENDITE VARIE MODULI
758,01,308,VENDITE VARIE A.B.S
758,01,309,SERVIZI
758,01,310,VENDITE VARIE A.W.D
758,01,311,CESSIONI DIVERSE
758,01,312,VENDITE T.P.M
758,01,313,VENDITE T.P.M
758,01,314,SERV. VAR CONSOC
758,01,315,SERV. VAR CONSOC
758,01,317,SERV. VAR CONSOC
758,01,318,SERV. VAR CONSOC
758,01,319,ANTICIPI VENDITE/SERVIZI CLIEN
758,01,321,VENDITE/SERVIZI CLIENTI
758,01,322,VENDITE/SERVIZI CLIENTI
758,01,323,VENDITE/SERVIZI CLIENTI
758,01,324,SERVIZI
758,01,325,VENDITE/SERVIZI CLIENTI
758,01,326,VENDITE/SERVIZI CLIENTI
758,01,330,SLA SENZA INTERESSI
758,01,331,VENDITE VARIE
758,01,332,SERVIZI
758,01,333,VEN/SERVIZI CLIENTI
758,01,334,DROPSHIPMENT TPM
758,01,335,DROPSHIPMENT TPM
758,01,360,EDUC.-PROGETTO IBM SCUOLE 96
758,01,368,PON X CESS. IBM FACTORING
758,01,369,MANUTENZ. X CESS. IBM FACTORIN
758,01,380,CREDITI AX PDS
758,01,385,REC/RIMB. IVA A CONSOC
758,01,395,INTERESSI SU DPA
758,01,397,PENALI RIT. PAG. (JANUS)
758,01,399,INTEREST OF MORA TLA SW PERO
758,01,401,IBM FACTOR NEW OFFERING
758,01,407,EDUCS DA CEDERE IBM FACT. X S
758,01,408,EDUCS CEDUTO IBM FACTORING
758,01,409,RIACQUISTI EDUCS IBM FACT
758,01,410,NOLEGGIO EX DPI
758,01,411,SW OTC CEDUTO IBM FACTOR
758,01,412,RIACQUISTI IBM FACTOR
758,01,413,ACCESSORI CONTRASSEGNO
758,01,415,ACCESSORI CASH
758,01,416,SAP VENDITA
758,01,418,SAP SYSTEM INTEGRATION
758,01,419,SAP DA CEDERE IBM FACTOR
758,01,420,SYSTEM INTEGRATION
758,01,421,TWR CASH
758,01,422,PON PAG. ANTICIPATO 'D'
758,01,423,TWR RISCQUISTI FACTOR
758,01,424,TWR CONTRASSEGNO
758,01,425,PARTI MACCHINA CASH
758,01,426,TWS CEDUTO A COMIT
758,01,430,SERVIZI ASSISTENZA
758,01,431,RIACQUISTI PA FACTOR
758,01,432,PA CEDUTO A FACTOR
758,01,433,PROG SPEC MARKTG
758,01,434,OPERAZIONE CARTA SI
758,01,435,PC CASH
758,01,437,RECUPERO IVA
758,01,451,PC CASH
758,01,452,PC CONTRASSEGNO
758,01,453,RIACQUISTI FACTOR
758,01,455,PC CREDITO ROTATIVO X SA
758,01,459,PC CREDITO ROTATIVO SALD
758,01,460,FINANCIAL IBM DEAL
758,01,468,PC N/C ISTITUZIONALI
758,01,471,PC DA CEDERE IBM FACTORING
758,01,472,PC N/C DA CEDE. IBM FAC
758,01,473,PON CEDUTO IBM FACTOR
758,01,474,RIACQUISTI IBM FACTOR
758,01,475,SAP CEDUTO IBM FACTOR
758,01,476,DROPPING DA IBM
758,01,477,SAP CREDITO ROTATIVO SALDATO
758,01,495,INTERESSI FINANCIAL DEAL
758,01,500,SERVIZI SC EX ISSC
758,01,550,SERVIZI
758,01,560,EDUCATION PAGAMENTO ANTIC
758,01,561,SPESE PROG/SERV. CONS
758,01,564,OFA2 MANUALE
758,01,567,SHORT TEAM FINANCING RATEALE
758,01,568,DEFERRED PAYMENT 1998
758,01,569,SERVIZI
758,01,570,CONTR.IMPLICITI SEG.ISSF
758,01,620,VENDITE TLA
758,01,636,DEFERRED PAYMENT
758,01,656,OFA
758,01,661,SW OTC FINANCING
758,01,665,MANUTENZIONE FINANCING
758,01,666,SLA NO INTERESSI
758,01,667,SLA SENZA INTERESSI
758,01,669,DEFERRED PAYMENT SW
758,01,673,TLA X SALDATO AUTOMATICO
758,01,675,SLA
758,01,676,SLA PREST. COM. RISC 6000
758,01,678,SHORT TERM LOAN NO INTERESSI
758,01,679,SHORT TERM LOAN CON INTERESSI
758,01,680,PRESTITI COMMERCIALI
758,01,710,FATTURATO ESW
758,01,711,FATTURATO ESW
758,01,712,FATTURATO ESW
758,01,713,FATTURATO ESW
758,01,714,FATTURATO ESW
758,01,715,FATTURATO CANON
758,01,716,CONSIP PORT-IT CASH
758,01,718,CONSIP PORTATILI-NO T618
758,01,728,ADMINISTRATIVE SERVICES VS BP
758,01,749,SERVIZI (MULTIFACTOR)
758,01,750,SERVIZI (MULTIFACTOR)
758,01,751,SERVIZI (MULTIFACTOR)
758,01,752,SERVIZI (MULTIFACTOR)
758,01,753,IGF COLLECTION PUBLIC
758,01,754,SERVIZI (MULTIFACTOR)
758,01,755,SERVIZI (MULTIFACTOR)
758,01,756,SERVIZI (MULTIFACTOR)
758,01,800,SERVIZI (MULTIFACTOR)
758,01,801,SERVIZI (MULTIFACTOR)
758,01,802,SERVIZI (MULTIFACTOR)
758,01,803,IGF COLLEC. PUBLIC NO CONSIP
758,01,804,SERVIZI (MULTIFACTOR)
758,01,805,SERVIZI (MULTIFACTOR)
758,01,806,SERVIZI (MULTIFACTOR)
758,01,807,SERVIZI (MULTIFACTOR)
758,01,830,FATTURA CON PAGAMENTO RATEALE
758,01,906,SERVIZI
758,01,907,PENALI RIT. CONS/INST SP
758,01,908,VENDITA ROTTAMI/PREZIOSI
758,01,909,SERV. MAGAZ/TRAS-ROTTAMI
758,01,910,MATERIALE VARIO
758,01,913,INTERESSI PER MOV. SU NS
758,01,917,SERVIZI A IBM SEMEA SUD
758,01,918,SERVIZI A IBM SERV. FIN
758,01,919,SERVIZI A INCOS
758,01,ASC,ASCENTIAL.MIGRATION
758,01,CO1,COGNOS MIGRATION
758,01,CRW,CROSSWORLD
758,01,DSM,IPLA MIGRATION
758,01,DSW,IPLA
758,01,FNT,FILENET MIGRATION
758,01,GEO,GEODIS PROCUREMENT
758,01,GPP,GEODIS P2P
758,01,GVL,MIGRATION-GLOBAL VALUE SPA
758,01,IFX,INFORMIX
758,01,ISS,ISS MIGRATION
758,01,LE1,BILLING RENTAL
758,01,LE2,BILLING RENTAL
758,01,LED,PC CASH
758,01,LEV,BILLING RENTAL
758,01,LPD,IPLA LPC
758,01,LPS,LOTUS
758,01,M05,SERVIZI (MULTIFACTOR)
758,01,M09,ESTENS. TLA (MULTIFACTOR)
758,01,M10,NOLEGGIO USO ADD. MULTIFACTOR
758,01,M15,ACCESSORI MULTIFACTOR
758,01,M20,CASH PON MULTIFACTOR
758,01,M21,CASH POI MULTIFACTOR
758,01,M26,SYSTEM INTEGRATION MULTIFACTOR
758,01,M30,DCS MULTIFACTOR
758,01,M33,SOFTWARE OTC ILCUTO MULTIFACT
758,01,M34,OPERAZIONE CARTA 'SI'
758,01,M35,"PC CASH DA CEDERE (H,V,W)"
758,01,M38,SERVIZI (MULTIFACTOR)
758,01,M45,MANUTENZIONE MULTIFACTOR
758,01,M46,MANUTENZIONE PER CALL MULTIFAC
758,01,M50,SERVIZI ASSISTENZA MULTIFACTOR
758,01,M59,DISPENSE MULTIFACTOR
758,01,M60,CORSI  (MULTIFACTOR)
758,01,M63,SW PUBBL.CEDUTO FACTOR MULTIF
758,01,M69,EDUCATION DISPENSE MULTIFACTOR
758,01,M72,TLA RISCATTI MULTIFACTOR
758,01,M73,LOCAZIONE FINANZIARIA MULTIF
758,01,M75,PON SLA MULTIFACTOR
758,01,M77,TLA RISCATTI PAG.ANTIC
758,01,M88,PROGRAMMI SPECIALI
758,01,M95,CESSIONI DIVERSE
758,01,MRO,MRO MIGRATION
758,01,PBS,PROFESSIONAL BILLING SERVICES
758,01,PRN,PRINCETON MIGRATION
758,01,PWC,PWC INTEGRATION
758,01,STK,STK MIGRATION
758,01,TIV,PON
758,01,TL1,TELELOGIC W2 MIGRATION
758,03,245,MANUTENZIONE
758,03,609,ESTENSIONE TLA
758,03,613,FATT. INTERESSI INTRACOM
758,03,620,PON
758,03,636,DEFERRED PAYMENT
758,03,656,OFA
758,03,661,SW OTC FINANCING X SALD AUT
758,03,662,INTERESSI SW OTC FINANCING
758,03,665,MANUTENZIONE FINAN
758,03,666,SLA SENZA INTERESSI
758,03,667,SLA SENZA INTERESSI
758,03,671,VENDITE EOL A SEMEA
758,03,672,TLA RISCATTI
758,03,673,TLA X SALDATO AUTOMATICO
758,03,675,SLA SUB
758,03,676,SLA PREST. RISC 6000
758,03,677,TLA RISCATTI ANTIC. CASH
758,03,678,SHORT TERM LOAN NO INTERESSI
758,03,679,SHORT TERM LOAN CON INTERESSI
758,03,680,PRESTITI COMMERCIALI
758,03,681,INTERESSI DI MORA PREST. COMM
758,03,683,INTERESSI JANUS TLA
758,03,684,INTERESSI DI MORA MANUTENZ
758,03,689,RECUPERO ITP BUSINESS PART
758,03,695,SLA SOLUZIONE UNICA
758,03,696,INTERESSI SU PIANI DI RECUPERO
758,03,697,PENALI SU RITARDATO PAGAMENTO
758,03,698,PENALI SU RITARDATO PAG. JAN
758,03,699,INTERESSI DI MORA TLA SW SU
758,03,700,INTERESSI MORA TLA
758,03,719,NEW TLA PROJECT CONSIP
758,03,723,MUTUO FINANZIAMENTO IBM/ISSF
758,03,724,CAPITAL A/R CAR LEASING
758,03,726,ADDEBITO X DIPEND. ASSEGNATI
758,03,727,A/R INVOICES VAT REFUND
758,03,729,GUARANTEE FEES
758,03,880,CESSIONI A FACTOR PON/SLA
758,03,M75,CESSIONI A FACTOR PON/SLA
758,03,M80,CESS. FABER FACTOR PREST. COMM
785,#L,ATT,TSA Charge
785,#L,CAT,SW License Charge
785,#L,COF,Commercial Financing
785,#L,DPC,DPA
785,#L,DSW,Distributed SW Purchase
785,#L,ESW,SW Purchase
785,#L,EWM,SW License Charge
785,#L,EWO,SW Purchase
785,#L,FTO,FTO Services
785,#L,GBS,Global Business SVCS
785,#L,GPR,GPR Charge
785,#L,GTS,Global Tech SVCS
785,#L,HWP,HW Purchase
785,#L,IPC,IPP
785,#L,ITM,Maintenance Service
785,#L,LEA,Leasing
785,#L,LP1,Late Payment Charge
785,#L,LP2,Interest Charge
785,#L,LP3,Interest Charge
785,#L,LPC,Late Payment Charge
785,#L,MSA,MSA Charge
785,#L,NCU,Other Charges
785,#L,PAR,Parts Stock Purchase
785,#L,PEC,Per Call Service
785,#L,PMT,Multiple Supplies
785,#L,PRE,Prepayment
785,#L,REG,Other Charges
785,#L,SAP,HVEC Purchase
785,#L,SG1,Financed Business
785,#L,SG2,Financed Business
785,#L,SWP,SW Purchase
785,#L,TFN,Defer Payment Business
785,#L,TSA,Transition Support Agreement
785,#L,VAT,VAT Recharge
785,AB,GPI,Infoprint GP
785,BH,GPI,Infoprint GP
785,DB,COF,Commercial Financing
785,DB,GPI,Infoprint GP
785,EG,GPI,Infoprint GP
785,JO,GPI,Infoprint GP
785,KW,GPI,Infoprint GP
785,LB,GPI,Infoprint GP
785,OM,GPI,Infoprint GP
785,PK,GPI,Infoprint GP
785,QA,GPI,Infoprint GP
785,SA,COF,Commercial Financing
785,SA,GPI,Infoprint GP
785,SY,GPI,Infoprint GP
785,YE,GPI,Infoprint GP
788,10,100,SCHRIJFMACHINES/PRINTERS
788,10,101,ONDERDELEN CQ ONDERHOUD
788,10,106,KOOP TOTAAL S.I OF I.T.C.F
788,10,114,DOORBEREKENING KOSTEN
788,10,134,FACTUREN ISRAEL
788,10,208,TECHN. SERVICE OVEREENKOMST
788,10,216,Claims
788,10,300,Hardware Sales
788,10,302,Terms Lease Agreement
788,10,303,HUURKOOP TERMIJN
788,10,304,KOOP TEGEN RESTWAARDE
788,10,305,Sale Used Hardware
788,10,307,KOOP TLA GEINSTALL. APP
788,10,309,KOOP GEINST. APP. RESTWAARDE
788,10,310,Parts
788,10,311,TOEBEHOREN
788,10,319,Literature
788,10,320,Rent
788,10,330,Program Software
788,10,331,PROGRAMMAPROD. MAANDLICENTIE
788,10,339,SW FACTUREN VOOR ICS
788,10,340,ONDERHOUD
788,10,341,REPARATIE C.Q. ONDERDELEN
788,10,345,KOSTEN TECHNISCHE ASSISTENTIE
788,10,346,KOSTEN TECHNISCHE ASSISTENTIE
788,10,347,KOSTEN TECHNISCHE ASSISTENTIE
788,10,348,KOSTEN TECHNISCHE ASSISTENTIE
788,10,350,Education
788,10,352,Information Network Services
788,10,359,SYSTEMS ENGINEERING DIENSTEN
788,10,367,SYSTEMS ENGINEERING DIENSTEN
788,10,601,DEALER M/A FEE
788,10,605,PROMOTIEMATERIAAL/BROCHURES
788,10,777,DIVERSEN
788,10,901,KOSTEN ONDERHOUD VLGS CONTRACT
788,10,902,KOSTEN ONDERHOUD VLGS CONTRACT
788,10,903,SERVICE OVEREENKOMST
788,10,908,TIJDELIJKE I.V.M. OUD/NIEUW
788,10,916,(MEER) GEBRUIK COPIER
788,10,920,REP./ONDERHOUD BUITEN CONTRACT
788,10,931,PROGRAMMAPROD. JAARLICENTIE
788,10,990,KOOP SYSTEMS INTEGRATION
788,10,991,LEVERING MET SPECIALE CONDITIE
788,10,993,KOSTEN ALG SAL ADM PROGR/ASAP
788,10,995,ONDERDELEN VERKOOP KODAK
788,10,999,VOORUITFAKTURERING
788,10,ABH,Annual Billing Hardware
788,10,ABS,Annual Billing Software
788,10,ACS,Software Licence
788,10,ADV,Technical Service Agreement
788,10,ALP,Program Software
788,10,ASA,KOSTEN ALG SAL ADM PROGR/ASAP
788,10,ASC,Ascential Acquisition
788,10,AUP,Printers Usage
788,10,BBE,Buy Back IBM Equipment
788,10,CAL,Per Call Repair
788,10,CFT,Professional Services
788,10,CHI,CHI Invoices
788,10,CLA,Claims
788,10,CO1,Cognos Software
788,10,CO3,Cognos Acquisition
788,10,COF,IGF Invoices
788,10,CON,Consulrisk Invoices
788,10,COP,REPARATIE C.Q. ONDERDELEN
788,10,COU,Program Software
788,10,CPS,Parts
788,10,CUF,Customer Financing
788,10,D2M,Lotus Software
788,10,D2S,Lotus Software
788,10,D3M,Lotus Software
788,10,D3S,Int.Program Lic.Agreement
788,10,DIS,KOSTEN TECHNISCHE ASSISTENTIE
788,10,DIV,Miscellaneous
788,10,DSM,IPLA Migration
788,10,DSW,Int.Program Lic.Agreement
788,10,EDU,Education
788,10,EMB,Maintenance Agreement
788,10,ESW,Software Agreement
788,10,ETC,E.T.C. Contract/Sales
788,10,FAC,KOSTEN TECHNISCHE ASSISTENTIE
788,10,FEE,DEALER M/A FEE
788,10,FNT,Filenet Services
788,10,GEO,GEODIS Procurement
788,10,GPP,GEODIS P2P
788,10,IFX,INFOMIX
788,10,IIN,Information Network Services
788,10,ISR,FACTUREN ISRAEL
788,10,ISS,ISS Services
788,10,LIT,Literature
788,10,LPC,Late Payment Charges
788,10,LPD,IPLA LPC
788,10,LPS,Lotus Professional Services
788,10,MLC,Monthly Software Licence
788,10,MMS,Hardware Sales
788,10,MRO,MRO Software
788,10,NIL,Not IBM Logo Sales
788,10,OEM,VERKOPEN AAN O.E.M
788,10,OPS,ONDERHOUD
788,10,OVB,OVERIGE BIDS
788,10,PAR,Parts
788,10,PBS,Professional Services
788,10,PC0,Purchase Agreement
788,10,PCF,Purchase Agreement
788,10,POI,Sale Used Hardware
788,10,PRN,Princeton Services
788,10,PWC,CFT Invoices
788,10,RLE,Rent Lease Equipment
788,10,SAP,SAP Billing
788,10,SBS,Special Bids
788,10,SDA,S.D.A. Contract/Sales
788,10,SES,PROFESSIONELE DIENSTEN
788,10,SIC,KOOP TOTAAL S.I OF I.T.C.F
788,10,STK,STK Services
788,10,SUS,SYSTEMS ENGINEERING DIENSTEN
788,10,SVS,KOSTEN TECHNISCHE ASSISTENTIE
788,10,TIE,Hardware Sales
788,10,TL1,Telelogic Services
788,10,TLA,Term Lease Agreement
788,10,UPO,Hardware Sales
788,10,USE,Used Hardware
788,26,CPL,Capital Lease
788,26,DEF,Default
788,26,DIV,Miscellaneous
788,26,EOL,End of Lease
788,26,INE,Intercompany End Of Lease
788,26,INL,Loan
788,26,INP,Intercompany Passthru
788,26,INR,Reverse Passthrough
788,26,IPP,IPP
788,26,LEA,Lease
788,26,LOA,Loan
788,26,LPC,Late Payment Charges
788,26,LSE,Lease
788,26,MIS,Miscellaneous
788,26,OPL,Operating Lease
788,26,VAT,VAT
806,10,110,PORTO
806,10,111,FM / IGN
806,10,120,RECOVERY FROM CUSTOMER
806,10,170,KREDIT/CLAIMS
806,10,200,LANGTIDSLEIE
806,10,210,LEIE DP MASKIN
806,10,211,LEIE DP MASKIN
806,10,214,PROGRAMPRODUKTER
806,10,215,PROGRAMPRODUKTER
806,10,242,IBM SKOLEN
806,10,246,KURS-IKKE SKOLEN
806,10,250,DP VEDLIKEHOLD
806,10,251,ESSA
806,10,252,ESSA II
806,10,253,PROVISJON DEALERS VEDLIKEHOLD
806,10,254,TEKNISK SERVICE DP
806,10,255,CE MA SUBCONTRACTING
806,10,256,DELER DP MASKIN
806,10,257,CE ADDITIONAL
806,10,258,CE KABLING
806,10,259,DP VEDLIKEHOLD
806,10,260,IBM LITTERATUR MATERIELL
806,10,290,DIV. TJENESTER
806,10,400,MANAGEMENT CONS
806,10,410,SERVICES OFFERINGS (CHIS)
806,10,430,OPER.SUPP. SVC'S
806,10,440,OPER.SUPP. SVC'S
806,10,450,VEDLIKEHOLD KONTORMASKINER
806,10,500,IBM DATASENTER
806,10,550,SES
806,10,600,PC-UTSTYR
806,10,666,DIV. MISC
806,10,700,NON IBM HW
806,10,702,NON IBM HW
806,10,704,INTEREST - OTHER
806,10,706,GAIN/LOSS CAPITAL ASSET
806,10,710,NON IBM HW
806,10,712,CPO/MLC
806,10,720,MA NON IBM EQUIPMENT
806,10,730,BUS. RECOVERY
806,10,740,SYSTEMS OPERATION
806,10,741,SYSTEMS OPERATION
806,10,742,SYSTEMS OPERATION
806,10,743,SYSTEMS OPERATION
806,10,744,SYSTEMS OPERATION
806,10,745,SYSTEMS OPERATION
806,10,746,SYSTEMS OPERATION
806,10,747,SYSTEMS OPERATION
806,10,748,SYSTEMS OPERATION
806,10,749,SYSTEMS OPERATION
806,10,750,SYSTEMS OPERATION
806,10,751,SYSTEMS OPERATION
806,10,760,NETWORK OPERATION
806,10,762,NETWORK OPERATION
806,10,777,NIT MIGRERING
806,10,780,CONSULTING
806,10,790,SYSTEMS INTEGRATION
806,10,800,DIV. S.I
806,10,900,SALG EDB UTSTYR
806,10,914,SALG PROGRAMVARE OTC
806,10,932,SALG EDB UTSTYR
806,10,970,SALG BRUKT
806,10,980,POI
806,10,999,LATE PAYMENT FEE
806,10,AG1,AGENT COMMISSIONS HW
806,10,AG2,AGENT COMMISSIONS SW
806,10,AG3,AGENT COMMISSIONS BONUSES
806,10,BOT,BOTTOM LINE
806,10,BUY,BUY BACK
806,10,CFT,SERVICES CONTRACT
806,10,CHI,MAINTENANCE
806,10,CO1,COGNOS MIGRATION
806,10,COF,GLOBAL FIN - CSIM
806,10,COL,COLLECTION FEE
806,10,CPS,SPARE PARTS
806,10,DIV,MISCELLANEOUS
806,10,DSM,IPLA MIGRATION
806,10,DSW,IPLA
806,10,EDU,EDUCATION
806,10,ESW,ESW BILLING
806,10,GSN,SERVICES
806,10,IFX,INFORMIX
806,10,IGN,NETWORKING
806,10,L04,MSA BILLING
806,10,L05,MSA BILLING
806,10,L14,MSA BILLING
806,10,L18,MSA BILLING
806,10,L28,MSA BILLING
806,10,L34,MSA BILLING
806,10,L57,MSA BILLING
806,10,LBA,TSA BILLING
806,10,LCN,TSA BILLING
806,10,LCS,TSA BILLING
806,10,LE1,MSA BILLING
806,10,LE2,TSA BILLING
806,10,LE3,TSA BILLING
806,10,LEB,TSA BILLING
806,10,LED,ESI PCD INVOICING
806,10,LEF,TSA BILLING
806,10,LET,TSA BILLING
806,10,LEW,TSA BILLING
806,10,LFO,TSA BILLING
806,10,LHL,TSA BILLING
806,10,LHR,TSA BILLING
806,10,LIT,MANUALS
806,10,LME,TSA BILLING
806,10,LPC,LATE PAYM CHARGE
806,10,LPD,IPLA LPC
806,10,LPF,LATE PAYMENT FEE
806,10,LPS,SERVICES CONTRACT
806,10,LPT,LATE PAYMENT CHARGE-TLA
806,10,LRE,MSA BILLING
806,10,LTS,TSA BILLING
806,10,LUN,TSA BILLING
806,10,NIN,SMS
806,10,PAS,GLOBAL FIN - SAP
806,10,PBS,PROFESSIONAL BILLING SERVICES
806,10,PC0,SAP - BILLING
806,10,PCB,PER CALL
806,10,PCF,PURCHASE NEW EQUIPMENT
806,10,PPB,PROPRICE BILLING
806,10,PPC,SERVICES DETAILS
806,10,PWC,PWC MIGRATION
806,10,REN,RENT OF SPACE
806,10,SAP,VENDOR PURCHASE
806,10,SCR,SCRAP (DUMPING) FEE
806,10,SIB,SI BILLING
806,10,SVS,CABLING SERVICES
806,10,TL1,TELELOGIC MIGRATION
806,10,TLA,LEASING/FINANCING
806,10,TRI,TRADE IN
806,10,UPO,SALE OF HW / SW
806,10,XRA,PERIODICAL CHARGES
808,#L,ATT,TSA Charge
808,#L,CAT,SW License Charge
808,#L,COF,Commercial Financing
808,#L,DPC,DPA
808,#L,DSW,Distributed SW Purchase
808,#L,ESW,SW Purchase
808,#L,FTO,FTO Services
808,#L,GBS,Global Business SVCS
808,#L,GPR,GPR Charge
808,#L,GTS,Global Tech SVCS
808,#L,HWP,HW Purchase
808,#L,IPC,IPP
808,#L,ITM,Maintenance Service
808,#L,LEA,Leasing
808,#L,LP1,Late Payment Charge
808,#L,LP2,Interest Charge
808,#L,LP3,Interest Charge
808,#L,LPC,Late Payment Charge
808,#L,MSA,MSA Charge
808,#L,NCU,Other Charges
808,#L,PAR,Parts Stock Purchase
808,#L,PEC,Per Call Service
808,#L,PMT,Multiple Supplies
808,#L,PRE,Prepayment
808,#L,REG,Other Charges
808,#L,SAP,HVEC Purchase
808,#L,SG1,Financed Business
808,#L,SG2,Financed Business
808,#L,SWP,SW Purchase
808,#L,TFN,Defer Payment Business
808,#L,TSA,Transition Support Agreement
808,#L,VAT,VAT Recharge
808,01,GPI,Infoprint GP
820,#L,ATT,TSA Charge
820,#L,CAT,SW License Charge
820,#L,COF,Commercial Financing
820,#L,DPC,DPA
820,#L,DSW,Distributed SW Purchase
820,#L,ESW,SW Purchase
820,#L,FTO,FTO Services
820,#L,GBS,Global Business SVCS
820,#L,GPR,GPR Charge
820,#L,GTS,Global Tech SVCS
820,#L,HWP,HW Purchase
820,#L,IPC,IPP
820,#L,ITM,Maintenance Service
820,#L,LEA,Leasing
820,#L,LP1,Late Payment Charge
820,#L,LP2,Interest Charge
820,#L,LP3,Interest Charge
820,#L,LPC,Late Payment Charge
820,#L,MSA,MSA Charge
820,#L,NCU,Other Charges
820,#L,PAR,Parts Stock Purchase
820,#L,PEC,Per Call Service
820,#L,PMT,Multiple Supplies
820,#L,PRE,Prepayment
820,#L,REG,Other Charges
820,#L,SAP,HVEC Purchase
820,#L,SG1,Financed Business
820,#L,SG2,Financed Business
820,#L,SWP,SW Purchase
820,#L,TFN,Defer Payment Business
820,#L,TSA,Transition Support Agreement
820,#L,VAT,VAT Recharge
820,20,GPI,Infoprint GP
820,31,GPI,Infoprint GP
820,43,GEO,GEODIS PROCUREMENT
820,43,GPI,Infoprint GP
820,43,GPP,GEODIS P2P
821,46,ATT,TSA Charge
821,46,CAT,SW License Charge
821,46,COF,Commercial Financing
821,46,DPC,DPP
821,46,DSW,Distrib SW Purchase
821,46,FTO,FTO Services
821,46,GBS,Global Busin SVCS
821,46,GEO,GEODIS PROCUREMENT
821,46,GPI,Infoprint GP
821,46,GPP,GEODIS P2P
821,46,GPR,GPR Charge
821,46,GTS,Global Tech SVCS
821,46,HWP,HW Purchase
821,46,IPC,IPP
821,46,ITM,Maintenance Service
821,46,LEA,Leasing
821,46,LP1,Late Payment Charge
821,46,LP2,Interest Charge
821,46,LP3,Interest Charge
821,46,LPC,Late Payment Charge
821,46,MSA,MSA Charge
821,46,NCU,Other Charges
821,46,PAR,Parts Stock Purchase
821,46,PEC,PER Call Service
821,46,PMT,Multiple Supplies
821,46,PRE,Prepayment
821,46,REG,Other Charges
821,46,SAP,HVEC Purchase
821,46,SG1,Financed Business
821,46,SG2,Financed Business
821,46,SWP,SW Purchase
821,46,TFN,Defer PMT Business
821,46,TSA,Transition Support Agreement
821,46,VAT,VAT Recharge
822,01,00C,CARTERA CUSTOMER FINANCING
822,01,00D,CUSTOMER FINANCING
822,01,00J,DPAS DE TLA
822,01,00L,CARTERA LINSA
822,01,00P,CARTERA PLAZOS
822,01,00R,CARTERA REGULAR
822,01,00T,CARTERA TLA
822,01,00V,PLAZOS
822,01,00W,TLA INTERNO
822,01,00Z,ALQUILERES Y SERVICIOS
822,01,060,DPA INSTALLMENTS
822,01,061,IPP INSTALLMENTS
822,01,065,SERVICE AGREEMENTS
822,01,ACS,PRIMERAAAAAA
822,01,CUR,EDUCATION/COURSES
822,01,DOC,DIFERIDO CUSTOMER FINANCING
822,01,DSM,IPLA MIGRATION
822,01,DSW,IPLA
822,01,EFC,PURCHASE NEW EFC
822,01,ESW,VAYAAA
822,01,EXT,VENTAS CANALES EXTERNOS
822,01,GEO,GEODIS PROCUREMENT
822,01,GPP,GEODIS P2P
822,01,IFX,INFORMIX
822,01,IGS,IBM GLOBAL SERV
822,01,LED,PCD - LARGE ACCOUNT
822,01,LIT,VARIOS
822,01,LPD,IPLA LPC
822,01,LPF,LAST PAYMENT FEE
822,01,LPS,LOTUS
822,01,MAN,MAINTENANCE
822,01,MAQ,MAINTENANCE
822,01,MAR,MAINTENANCE
822,01,NCU,NON CUSTOMER
822,01,OTC,PROGRAMS SW/OTC
822,01,PBS,PROFESSIONAL BILLING SERVICES
822,01,PC0,VENTAS CANALES EXTERNOS
822,01,PER,PER CALL
822,01,PIE,ACESSORIES E PARTS
822,01,PLA,LFA
822,01,PNO,CARTERA REGULAR
822,01,POI,PURCHASE INSTAL
822,01,PON,PURCHASE NEW
822,01,PPM,OTRAAAAA
822,01,REN,RENTAL
822,01,REQ,RENTAL
822,01,RER,RENTAL
822,01,SCE,SACE
822,01,SES,OTRAAAAA
822,01,SIN,SERVICES SE
822,01,SUM,SUPPLIES
822,01,TLA,FTRA
822,01,VAR,OTHER
822,01,WEN,ULTIAAAA
822,04,BTO,BTO
822,04,PBS,PROFESSIONAL BILLING SERVICES
826,#L,ATT,TSA Charge
826,#L,CAT,SW License Charge
826,#L,COF,Commercial Financing
826,#L,DPC,DPA
826,#L,DSW,Distributed SW Purchase
826,#L,ESW,SW Purchase
826,#L,FTO,FTO Services
826,#L,GBS,Global Business SVCS
826,#L,GPR,GPR Charge
826,#L,GTS,Global Tech SVCS
826,#L,HWP,HW Purchase
826,#L,IPC,IPP
826,#L,ITM,Maintenance Service
826,#L,LEA,Leasing
826,#L,LP1,Late Payment Charge
826,#L,LP2,Interest Charge
826,#L,LP3,Interest Charge
826,#L,LPC,Late Payment Charge
826,#L,MSA,MSA Charge
826,#L,NCU,Other Charges
826,#L,PAR,Parts Stock Purchase
826,#L,PEC,Per Call Service
826,#L,PMT,Multiple Supplies
826,#L,PRE,Prepayment
826,#L,REG,Other Charges
826,#L,SAP,HVEC Purchase
826,#L,SG1,Financed Business
826,#L,SG2,Financed Business
826,#L,SWP,SW Purchase
826,#L,TFN,Defer Payment Business
826,#L,TSA,Transition Support Agreement
826,#L,VAT,VAT Recharge
826,54,GPI,Infoprint GP
838,01,060,DPA INSTALLMENTS
838,01,061,IPP INSTALLMENTS
838,01,065,SERVICE AGREEMENTS
838,01,ACS,VAYAAA
838,01,ASC,ASCENTIAL MIGRATION
838,01,BLB,BOTTOM LINE
838,01,CO1,COGNOS MIGRATION
838,01,CUR,CURSOS
838,01,DIF,DIFERIDO
838,01,DOC,DIFERIDO CUSTOMER FINANCING
838,01,DSM,IPLA MIGRATION
838,01,DSW,IPLA
838,01,EFC,PURCHASE NEW EFC
838,01,ESW,VAYAAA
838,01,EXT,VENTAS CANALES EXTERNOS
838,01,FNT,FILENET MIGRATION
838,01,GBS,GLOBAL BUSINESS SOLUTIONS
838,01,GEO,GEODIS PROCUREMENT
838,01,GPP,GEODIS P2P
838,01,GTS,GLOBAL TECHNICAL SOLUTIONS
838,01,IFX,INFORMIX
838,01,ILG,ILOG MIGRATION
838,01,ISS,ISS MIGRATION
838,01,ITB,COMISIONES COLABO
838,01,ITI,COMISIONES ABC
838,01,LED,PCD - ACCOUNT
838,01,LIN,LINSA
838,01,LIT,VARIOS
838,01,LPC,LPC
838,01,LPD,IPLA LPC
838,01,LPF,LATE PAYMENT FEE
838,01,MAN,MANTENIMIENTO
838,01,NCU,NON CUSTOMER
838,01,OTC,ONE TIME CHARGE
838,01,OUT,OUTSOURCING
838,01,PC0,VENTAS CANALES EXTERNOS
838,01,PER,PER CALL
838,01,PIE,VARIOS
838,01,PLA,PLAZOS
838,01,PNO,CARTERA REGULAR
838,01,PON,PURCHASE NEW
838,01,PPM,PROG. PRODUCTO CARGO MENSUAL
838,01,PRE,PRESTAMOS
838,01,PRI,INTEREST INVOICES
838,01,REN,ALQUILERES Y SERVICIOS
838,01,REQ,ALQUILERES Y SERVICIOS
838,01,RER,ALQUILERES Y SERVICIOS
838,01,SCE,SACE
838,01,SES,TECNICOS SISTEMAS
838,01,SIN,OTRAAA
838,01,SUM,SUMINISTROS
838,01,SWG,SOFTWARE GROUP
838,01,TL1,TELELOGIC MIGRATION
838,01,TLA,TLA INTERNO
838,01,TPO,CARGO POR USO BP
838,01,VAR,VARIOS
838,01,WEN,ULTIAA
838,03,ITB,COMISIONES COLABO
838,03,ITI,COMISIONES ABC
838,03,LIN,LINSA
838,03,LPC,LPC
838,03,LPF,LPF
838,03,LPL,LINSA
838,03,PRE,PRESTAMOS
838,04,BCS,SERVICIOS BCS
838,04,BIS,SERVICIOS BIS
838,04,BLB,BOTTOM LINE
838,04,EBH,SERVICIOS EBH
838,04,FIN,TLA INTERNO
838,04,GBS,GLOBAL BUSINESS SOLUTIONS
838,04,GEA,SERVICIOS GEA
838,04,GEH,SERVICIOS GEA
838,04,GTS,GLOBAL TECHNICAL SOLUTIONS
838,04,ABC,SERVICIOS ABC
838,04,IPP,PLAZOS
838,04,ISS,ISS MIGRATION
838,04,ITS,SERVICIOS ITS
838,04,LPG,LATE PAYMENT FEE
838,04,LPS,SERVICIOS LPS
838,04,LSE,SERVICIOS LSE
838,04,PNO,CARTERA REGULAR
838,04,PWC,SERVICIOS PWC
838,04,SCH,MIGRACION SCH
838,04,SOU,SERVICIOS SOU
838,04,SWG,SOFTWARE GROUP
838,04,VIS,SERVICIOS VIS
846,10,AG1,AGENT COMMISSIONS HW
846,10,AG2,AGENT COMMISSIONS SW
846,10,AG3,AGENT COMMISSIONS BONUSES
846,10,ASC,ASCENTIAL MIGRATION
846,10,BAF,BAF
846,10,BOT,BOTTOM LINE
846,10,BUY,BUY BACK
846,10,CFT,SERVICES CONTRACT
846,10,CHI,MAINTENANCE
846,10,CO1,COGNOS MIGRATION
846,10,COF,GLOBAL FIN - CSIM
846,10,COL,COLLECTION FEE
846,10,CPS,SPARE PARTS
846,10,DEA,DEALER UPOS
846,10,DIV,MISCELLANEOUS
846,10,DSM,IPLA MIGRATION
846,10,DSW,IPLA
846,10,EDU,SPARE PARTS
846,10,ESW,ESW BILLING
846,10,FMG,RESPONSOR
846,10,GEO,GEODIS PROCUREMENT
846,10,GPP,GEODIS P2P
846,10,HRA,RENTAL
846,10,IFX,INFORMIX
846,10,IGN,NETWORKING
846,10,IIN,NETWORK SVCS
846,10,ISS,ISS MIGRATION
846,10,KSA,SSA- TLA
846,10,L04,MSA BILLING
846,10,L05,MSA BILLING
846,10,L14,MSA BILLING
846,10,L18,MSA BILLING
846,10,L28,MSA BILLING
846,10,L34,MSA BILLING
846,10,L57,MSA BILLING
846,10,LBA,TSA BILLING
846,10,LCN,TSA BILLING
846,10,LCS,TSA BILLING
846,10,LE1,MSA BILLING
846,10,LE2,TSA BILLING
846,10,LE3,TSA BILLING
846,10,LEB,TSA BILLING
846,10,LED,ESI PCD INVOICING
846,10,LEF,TSA BILLING
846,10,LET,TSA BILLING
846,10,LEW,TSA BILLING
846,10,LFO,TSA BILLING
846,10,LHL,TSA BILLING
846,10,LHR,TSA BILLING
846,10,LIT,MANUALS
846,10,LME,TSA BILLING
846,10,LPC,LATE PAYM CHARGE
846,10,LPD,IPLA LPC
846,10,LPF,LATE PAYMENT FEE
846,10,LPS,SERVICES CONTRACT
846,10,LPT,LATE PAYMENT CHARGE-TLA
846,10,LRE,MSA BILLING
846,10,LTS,TSA BILLING
846,10,LUN,TSA BILLING
846,10,MAX,MAX - BILLING
846,10,MCF,MAX COM FIN
846,10,MRO,MRO MIGRATION
846,10,NIN,SMS
846,10,P11,BUY HW
846,10,P12,BUY HW MES
846,10,P14,BUY LIC
846,10,P21,BUY HW
846,10,P22,BUY HW MES
846,10,P24,BUY LIC
846,10,P31,BUY HW
846,10,P32,BUY HW MES
846,10,P34,BUY LIC
846,10,PAS,GLOBAL FIN - SAP
846,10,PBS,PROFESSIONAL BILLING SERVICES
846,10,PC0,SAP - BILLING
846,10,PCB,PER CALL
846,10,PCF,"BUY HW, SW, LIC FEE"
846,10,PPB,PROPRICE BILLING
846,10,PPC,SERVICES
846,10,PWC,PWC MIGRATION
846,10,REN,RENT OF SPACE
846,10,SAP,VENDOR PURCHASE
846,10,SCR,SCRAP (DUMPING)FEE
846,10,SIB,SI BILLING
846,10,SVS,CABLING SERVICES
846,10,TL1,TELELOGIC MIGRATION
846,10,TL2,TELELOGIC MIGRATION
846,10,TLA,IBM - LEASING
846,10,TRI,TRADE IN
846,10,UPO,SALE OF HW/SW
846,10,X11,SI
846,10,X12,TP
846,10,X13,DIVERSE
846,10,X14,"DIVERSE, LIKVID ERH$LLEN"
846,10,X15,UPPSKATTAD NYTTJANDE AVG
846,10,X16,JUSTERAD NYTTJANDE AVG
846,10,X17,DIVERSE TLA
846,10,X18,DR@JSM$LSR#NTA
846,10,X33,DIVERSE (BUS.PARTNERS)
846,10,XRA,PERIODICAL CHARGES
846,10,XTR,CUSTOMER BID
848,10,110,RATENRECHNUNG NILS MIT MWST
848,10,111,BUYOUT RECHNUNG NILS MIT MWST
848,10,113,END OF LEASE NILS MIT MWST
848,10,114,VERZUGSZINSEN NILS
848,10,115,RATENRECHNUNG NILS OHNE MWST
848,10,116,BUYOUT RECHNUNG NILS OHNE MWST
848,10,118,END OF LEASE NILS OHNE MWST
848,10,200,VORAUSRECHNUNGEN
848,10,211,LOTUS LIZENZ SW (AMK HITLINE)
848,10,213,BENUTZUNGSGEBUEHREN (AUP)
848,10,214,EASW LIZENZGEBUEHREN (EX. ACSA
848,10,215,SOFTWARE MLC
848,10,216,VERKAUFSKOMMISSION
848,10,217,ACSA JAHRESGEBUEHR SW-MLC
848,10,218,MIETGEBUEHREN
848,10,219,LIZENZGEBUEHREN
848,10,220,WARTUNG MONATSGEBUEHREN
848,10,221,WARTUNG JAHRESGEBUEHREN
848,10,222,WARTUNGSGEBUEHREN SSA
848,10,226,NEW ESA
848,10,227,SSA PS/2
848,10,230,OUTRIGHT SALES / MES
848,10,231,TRADE-IN/BUY BACK
848,10,232,BID BOTTOM-LINE
848,10,233,ORS - PREISKORREKTUREN
848,10,234,PROGRAMM-PRODUKTE (COU)
848,10,235,INSTALLIERTE MASCHINE (POI)
848,10,236,KAUFPREIS VIA PCFA
848,10,239,ORS - DEALER / RICS
848,10,240,SE SERVICES
848,10,241,EDUCATION (TECHNICAL SUPPORT)
848,10,242,SE/CSE SERVICES (SOLUTION PAC)
848,10,243,SE/CSE/SSO SERVICES (SBS)
848,10,244,ESS (EXTENDED SW SERVICES)
848,10,245,CCAM IBM SI
848,10,246,HELPWARE (TECHNICAL SUPPORT)
848,10,247,CONSULTING
848,10,248,CCAM IBM CONSULTING
848,10,250,PSS PER CALL
848,10,251,PSS PER CALL - SAMMELFAKTUREN
848,10,252,PSS GARANTIE-ARBEIT PC DEALER
848,10,253,CE PER CALL - PROJECTS
848,10,254,PCC SW PER CALL
848,10,255,PARTS DIRECT SALES
848,10,260,PSS T UND M
848,10,261,PSS FP
848,10,262,PSS CCAM
848,10,270,BILDUNG UND BERATUNG
848,10,271,KUNDENTAGUNGEN MSM
848,10,272,EDUCATION BY NIGHT
848,10,273,EDUCATION LEVEL
848,10,276,LITERATURE SLSS
848,10,281,SYSTEM USAGE
848,10,299,DIVERSES
848,10,319,COF - SW OTC
848,10,334,COF - COU SW
848,10,339,COF - COU SW
848,10,443,PERSONAL COMPUTER (UPOS)
848,10,444,DIRECT HW (UPOS)
848,10,445,IBM SOFTWARE ORDERLINK (UPOS)
848,10,446,IBM SOFTWARE ADVANTAGE (UPOS)
848,10,449,"SAP HW 3.2 UPOS (PC HW, SW)"
848,10,450,PSS PER CALL (ET/DE)
848,10,451,PSS PER CALL-REPAIR CENTER
848,10,452,PSS (GARANTIE-ARBEITEN)
848,10,475,BILDUNG UND BERATUNG (BP)
848,10,499,DIVERSES
848,10,620,ITPRO (FM)
848,10,621,ITPRO (IN)
848,10,622,ITPRO (SI)
848,10,623,ITPRO (BRS)
848,10,624,ITPRO (BRS)
848,10,625,ITPRO (AD BUSINESS)
848,10,680,GLOBAL SERVICES (FM)
848,10,681,GLOBAL SERVICES (BRS)
848,10,682,GLOBAL SERVICES (IN ZH)
848,10,683,GLOBAL SERVICES (IN BE)
848,10,684,GLOBAL SERVICES (AD)
848,10,685,GLOBAL SERVICES (MO)
848,10,752,HW BONI FOR BP'S
848,10,810,MIETE UND LIZENZGEBUEHREN
848,10,850,KONSOLIDATION VON IA
848,10,930,OEM-HW (PLANT TO CUSTOMER)
848,10,940,OEM-HW (PLANT TO CUST) PSBU
848,10,990,IPP
848,10,995,DPA - ZAHLUNGSPLAENE
848,10,996,ZINSEN
848,10,997,DEALER FINAZIERUNGS-KOSTENRG
848,10,ASC,ASCENTIAL.MIGRATION
848,10,CFT,CFTS SERVICES
848,10,CO1,COGNOS MIGRATION
848,10,COF,COF - SAP
848,10,DSM,IPLA MIGRATION
848,10,DSW,IPLA
848,10,ESW,ESW FOR S390
848,10,FNT,FILENET MIGRATION
848,10,GEO,GEODIS PROCUREMENT
848,10,GPP,GEODIS P2P
848,10,ISS,ISS MIGRATION
848,10,LPC,LATE PAYMENT CHARGE
848,10,LPD,IPLA LPC
848,10,LPS,LOTUS PROFESSIONAL SERVICES
848,10,MRO,MRO MIGRATION
848,10,PBS,PROFESSIONAL BILLING SERVICES
848,10,PC0,"SAP HW 3.2 UPOS (PC HW, SW)"
848,10,PCD,PCD-DLA
848,10,PWC,SE/CSE/SSO SERVICES (SBS)
848,10,REM,REMBO MIGRATION
862,01,ATT,AT&T Faturalari
862,01,BCS,Hizmet Faturalari
862,01,CIT,Genel Faturalar
862,01,CT3,UAT ONLY
862,01,DAM,Tevkifat Vergisi
862,01,DEM,Genel Faturalar
862,01,EDU,FOR UAT ONLY
862,01,EGI,Egitim Masrafi
862,01,ERT,Ertelenmis Gelir
862,01,ESA,ESA
862,01,ESW,Yazilim
862,01,EXP,Masraf
862,01,FAZ,Vade Farki
862,01,GEN,Genel Faturalar
862,01,GEO,GEODIS PROCUREMENT
862,01,GPP,GEODIS P2P
862,01,HWA,Yillik Bakim
862,01,HWM,Donanim Bakim
862,01,ICT,Sirketlerarasi Transfer
862,01,IMA,Genel Faturalar
862,01,IPH,Taksitli Faturalar
862,01,IPI,Taksitli Faturalar
862,01,IPM,Taksitli Faturalar
862,01,IPP,UAT ONLY
862,01,IPS,Taksitli Faturalar
862,01,ITI,Genel
862,01,KID,Genel
862,01,KUR,Kur Farki
862,01,LOC,Diger Donanim Faturlari
862,01,LPC,Gecikme Faizi
862,01,ME1,FOR UAT ONLY
862,01,MT1,FOR UAT ONLY
862,01,NIH,IBM Disi Donanim Faturali
862,01,NIS,IBM Disi Yazilim Faturalari
862,01,OFS,Ofis Telefon Faturalari
862,01,ORS,Direk Satis Faturalari
862,01,P01,FOR UAT ONLY
862,01,PAR,Yedekpar{a / Diger
862,01,PAS,PA Futura
862,01,PBS,Hizmet Faturalari
862,01,PCS,[agri Hizmeti
862,01,POS,Pos Bakim
862,01,PSH,PC
862,01,PSS,PC
862,01,REG,[esitli
862,01,REN,Kira
862,01,SCT,Genel
862,01,SPR,Yedek Par{a Lade Faturalari
862,01,SR1,FOR UAT ONLY
862,01,SRV,Servis Faturalari
862,01,SSA,SSA
862,01,STT,Genel
862,01,SUP,Malzeme Faturalari
862,01,SWM,Aylik Yazilim Faturalari
862,01,TDF,Diger Faturalar
862,01,TEL,CEP Telefonu Faturalari
862,01,TTT,Genel
862,02,ATT,AT&T Faturalari
862,02,BCS,Hizmet Faturalari
862,02,CIT,Genel Faturalar
862,02,CT3,UAT ONLY
862,02,DAM,Tevkifat Vergisi
862,02,DEM,Genel Faturalar
862,02,EDU,FOR UAT ONLY
862,02,EGI,Egitim Masrafi
862,02,ERT,Ertelenmis Gelir
862,02,ESA,ESA
862,02,ESW,Yazilim
862,02,EXP,Masraf
862,02,FAZ,Vade Farki
862,02,GEN,Genel Faturalar
862,02,HWA,Yillik Bakim
862,02,HWM,Donanim Bakim
862,02,ICT,Sirketlerarasi Transfer
862,02,IMA,Genel Faturalar
862,02,IPH,Taksitli Faturalar
862,02,IPI,Taksitli Faturalar
862,02,IPM,Taksitli Faturalar
862,02,IPP,UAT ONLY
862,02,IPS,Taksitli Faturalar
862,02,ITI,Genel
862,02,KID,Genel
862,02,KUR,Kur Farki
862,02,LOC,Diger Donanim Faturlari
862,02,LPC,Gecikme Faizi
862,02,ME1,FOR UAT ONLY
862,02,MT1,FOR UAT ONLY
862,02,NIH,IBM Disi Donanim Faturali
862,02,NIS,IBM Disi Yazilim Faturalari
862,02,OFS,Ofis Telefon Faturalari
862,02,ORS,Direk Satis Faturalari
862,02,P01,FOR UAT ONLY
862,02,PAR,Yedekpar{a / Diger
862,02,PAS,PA Futura
862,02,PBS,Hizmet Faturalari
862,02,PCS,[agri Hizmeti
862,02,POS,Pos Bakim
862,02,PSH,PC
862,02,PSS,PC
862,02,REG,[esitli
862,02,REN,Kira
862,02,SCT,Genel
862,02,SPR,Yedek Par{a Lade Faturalari
862,02,SR1,FOR UAT ONLY
862,02,SRV,Servis Faturalari
862,02,SSA,SSA
862,02,STT,Genel
862,02,SUP,Malzeme Faturalari
862,02,SWM,Aylik Yazilim Faturalari
862,02,TDF,Diger Faturalar
862,02,TEL,CEP Telefonu Faturalari
862,02,TTT,Genel
862,03,ATT,AT&T Faturalari
862,03,BCS,Hizmet Faturalari
862,03,CIT,Genel Faturalar
862,03,CT3,UAT ONLY
862,03,DAM,Tevkifat Vergisi
862,03,DEM,Genel Faturalar
862,03,EDU,FOR UAT ONLY
862,03,EGI,Egitim Masrafi
862,03,ERT,Ertelenmis Gelir
862,03,ESA,ESA
862,03,ESW,Yazilim
862,03,EXP,Masraf
862,03,FAZ,Vade Farki
862,03,GEN,Genel Faturalar
862,03,HWA,Yillik Bakim
862,03,HWM,Donanim Bakim
862,03,ICT,Sirketlerarasi Transfer
862,03,IMA,Genel Faturalar
862,03,IPH,Taksitli Faturalar
862,03,IPI,Taksitli Faturalar
862,03,IPM,Taksitli Faturalar
862,03,IPP,UAT ONLY
862,03,IPS,Taksitli Faturalar
862,03,ITI,Genel
862,03,KID,Genel
862,03,KUR,Kur Farki
862,03,LOC,Diger Donanim Faturlari
862,03,LPC,Gecikme Faizi
862,03,ME1,FOR UAT ONLY
862,03,MT1,FOR UAT ONLY
862,03,NIH,IBM Disi Donanim Faturali
862,03,NIS,IBM Disi Yazilim Faturalari
862,03,OFS,Ofis Telefon Faturalari
862,03,ORS,Direk Satis Faturalari
862,03,P01,FOR UAT ONLY
862,03,PAR,Yedekpar{a / Diger
862,03,PAS,PA Futura
862,03,PBS,Hizmet Faturalari
862,03,PCS,[agri Hizmeti
862,03,POS,Pos Bakim
862,03,PSH,PC
862,03,PSS,PC
862,03,REG,[esitli
862,03,REN,Kira
862,03,SCT,Genel
862,03,SPR,Yedek Par{a Lade Faturalari
862,03,SR1,FOR UAT ONLY
862,03,SRV,Servis Faturalari
862,03,SSA,SSA
862,03,STT,Genel
862,03,SUP,Malzeme Faturalari
862,03,SWM,Aylik Yazilim Faturalari
862,03,TDF,Diger Faturalar
862,03,TEL,CEP Telefonu Faturalari
862,03,TTT,Genel
862,04,ATT,AT&T Faturalari
862,04,BCS,Hizmet Faturalari
862,04,CIT,Genel Faturalar
862,04,CT3,UAT ONLY
862,04,DAM,Tevkifat Vergisi
862,04,DEM,Genel Faturalar
862,04,EDU,FOR UAT ONLY
862,04,EGI,Egitim Masrafi
862,04,ERT,Ertelenmis Gelir
862,04,ESA,ESA
862,04,ESW,Yazilim
862,04,EXP,Masraf
862,04,FAZ,Vade Farki
862,04,GEN,Genel Faturalar
862,04,HWA,Yillik Bakim
862,04,HWM,Donanim Bakim
862,04,ICT,Sirketlerarasi Transfer
862,04,IMA,Genel Faturalar
862,04,IPH,Taksitli Faturalar
862,04,IPI,Taksitli Faturalar
862,04,IPM,Taksitli Faturalar
862,04,IPP,UAT ONLY
862,04,IPS,Taksitli Faturalar
862,04,ITI,Genel
862,04,KID,Genel
862,04,KUR,Kur Farki
862,04,LOC,Diger Donanim Faturlari
862,04,LPC,Gecikme Faizi
862,04,ME1,FOR UAT ONLY
862,04,MT1,FOR UAT ONLY
862,04,NIH,IBM Disi Donanim Faturali
862,04,NIS,IBM Disi Yazilim Faturalari
862,04,OFS,Ofis Telefon Faturalari
862,04,ORS,Direk Satis Faturalari
862,04,P01,FOR UAT ONLY
862,04,PAR,Yedekpar{a / Diger
862,04,PAS,PA Futura
862,04,PBS,Hizmet Faturalari
862,04,PCS,[agri Hizmeti
862,04,POS,Pos Bakim
862,04,PSH,PC
862,04,PSS,PC
862,04,REG,[esitli
862,04,REN,Kira
862,04,SCT,Genel
862,04,SPR,Yedek Par{a Lade Faturalari
862,04,SR1,FOR UAT ONLY
862,04,SRV,Servis Faturalari
862,04,SSA,SSA
862,04,STT,Genel
862,04,SUP,Malzeme Faturalari
862,04,SWM,Aylik Yazilim Faturalari
862,04,TDF,Diger Faturalar
862,04,TEL,CEP Telefonu Faturalari
862,04,TTT,Genel
862,IT,BCS,Hizmetler
862,IT,CIS,Yazici
862,IT,CIT,Genel Faturalar
862,IT,ESW,Yazilim
862,IT,FAZ,Vade Farki
862,IT,GEN,Genel Faturalar
862,IT,GKZ,Genel Faturalar
862,IT,IMA,Genel Faturalar
862,IT,INT,Sirketlerarasi Transfer
862,IT,IPH,Taskili Faturalar
862,IT,IPI,Taskili Faturalar
862,IT,IPM,Taskili Faturalar
862,IT,IPP,UAT Only
862,IT,IPS,Taskili Faturalar
862,IT,ISW,IBM Yazilim
862,IT,KI1,Aylik Yazilim
862,IT,KI2,Aylik Yazilim
862,IT,KI3,Donanim Kira
862,IT,KOM,Komisyon
862,IT,KUR,Kur Farki
862,IT,LPC,Gecikme Faizi
862,IT,N1I,Donanim
862,IT,NI7,Donanim
862,IT,NI8,Donanim
862,IT,NIH,IBM Disi Donanim Faturalari
862,IT,NIS,IBM Disi Yazilim Faturalari
862,IT,OI1,Birkerelik Yazilim
862,IT,OR1,Direk Satis / Donanim
862,IT,OR2,Direk Satis / Donanim
862,IT,ORM,Direk Satis / Donanim
862,IT,ORS,Direk Satis / Donanim
862,IT,PAS,PA Futura
862,IT,PBS,Hizmet Faturalari
862,IT,PCD,PCD
862,IT,REG,[esitli
862,IT,SCT,Genel
862,IT,SRV,Servis Faturalari
862,IT,SWM,Aylik Yazilim
862,IT,VAT,KDV
862,IT,XSR,X Series
864,01,A01,ITS
864,01,A02,ITS
864,01,ABP,Application Buss Solutions
864,01,ABS,Appl Business SOL Services
864,01,AJ2,Adjustments       Placements
864,01,AMS,Application Mgmt Service
864,01,ASC,Ascential Migration
864,01,ASS,Application Buss Services
864,01,ASW,Application Buss Software
864,01,AT2,Additional Time Usage
864,01,B01,ITS
864,01,B03,Middle Ware Services
864,01,B06,Intergrated Communication Svcs
864,01,B08,Bus Con and Rec Svcs
864,01,B12,Server Services
864,01,B13,Storage and Data Srvcs
864,01,B14,ITS
864,01,B15,ITS
864,01,B16,ITS
864,01,B17,Software Products Services
864,01,BCS,BCS Consulting Services
864,01,BH1,ITS
864,01,BSP,BSP New Equipment Sales
864,01,BSS,BSD Services
864,01,BW2,ITS
864,01,CB2,CE COS Services
864,01,CD2,Customs Duty
864,01,CE2,DP Engineer Call
864,01,CFT,IBM Global Services
864,01,CO1,COGNOS Migration
864,01,COF,Commercial Financing
864,01,CR2,Credit Note PON
864,01,CSH,Parts Cash Sales
864,01,CSP,Customer Services Products
864,01,CSR,Customer Services Products
864,01,DC5,Data Centre Services
864,01,DS2,Data Proc Serv Supplies
864,01,DSM,IPLA Migration
864,01,DSW,IPLA
864,01,E01,GTS Services
864,01,E04,GTS Services
864,01,E06,ITS
864,01,E08,ITS
864,01,E11,SO Outsourcing
864,01,E27,AMS
864,01,E41,BCS
864,01,E53,ITS
864,01,E54,GTS Services
864,01,E58,ITS
864,01,E62,NOS
864,01,EC2,Education Course
864,01,EL2,ITS
864,01,ELN,ITS
864,01,EPS,EPD Services
864,01,ESP,Enterprise System Sales
864,01,ESS,Enterprise Systems Services
864,01,ESW,Entitled Software
864,01,ET4,DM Products Supplies
864,01,GBD,General Business Division
864,01,GEO,GEODIS PROCUREMENT
864,01,GLF,IBM Global Financing
864,01,GPP,GEODIS P2P
864,01,HVP,High Volume Products  PS
864,01,I8E,ISS Invoice
864,01,I8F,ISS Invoice
864,01,IC2,Importation Charges
864,01,ICG,IBM Consulting Group
864,01,IOS,International Outsourcing
864,01,IR2,DP Proc Initial Rental
864,01,IS2,Office Prod Initial Supplies
864,01,IS4,Office Prod Initial Supplies
864,01,ISS,ISD Services
864,01,ITS,IGS Learning Services
864,01,LC2,DP Local Cartage
864,01,LI2,Literature
864,01,LPC,Late Payment Charge Billing
864,01,LPD,IPLA LPC
864,01,LSR,Base 4 Client Server
864,01,MA2,DP Maintainance Contract
864,01,MA4,Service Agreement Services
864,01,MAN,Manual Billings
864,01,MG4,Magnetic Graphics Products
864,01,NEP,Networking Equip Sales
864,01,NES,Networking Services
864,01,NOS,NOS Network Outsourcing
864,01,NSW,Networking Software
864,01,OS2,Purchase New
864,01,OS4,Office Prod Equip Sales
864,01,PBS,Professional Billing Services
864,01,PC0,PSG   HW Sales
864,01,PC4,PC and PC Equipment Sales
864,01,PSG,PSG   HW Sales
864,01,PWC,PWC Migration
864,01,R01,GTS Services
864,01,RIP,RISC System Sales
864,01,RIS,RISC Systems Services
864,01,RIW,RISC Systems Software
864,01,RP4,Office Products Replacements
864,01,RSW,RES Tech Software
864,01,RT2,DP Processing Rental
864,01,RTP,RES Technology Equip Sales
864,01,RTS,Resolve Tech Services
864,01,S01,GTS Services
864,01,S06,SWG  WBI Consulting
864,01,SAF,Safcover Billing and Services
864,01,SD2,Sales Duty
864,01,SE2,System Engineering Services
864,01,SG1,ITS
864,01,SG2,Surcharge
864,01,SGC,
864,01,SI2,Sundry Invoice    Placements
864,01,SI4,Sundry Invoice    Placements
864,01,SI5,Sundry Invoice    Placements
864,01,SI6,Sundry Invoice    Placements
864,01,SIN,Systems Integration
864,01,SP2,Purchase New
864,01,SP4,Purchase New
864,01,TC4,Termination Charges
864,01,TFX,Trafex   Global Services
864,01,TV1,Tivoli Services
864,01,TV3,ITS
865,#L,ATT,TSA Charge
865,#L,CAT,SW License Charge
865,#L,COF,Commercial Financing
865,#L,DPC,DPA
865,#L,DSW,Distributed SW Purchase
865,#L,ESW,SW Purchase
865,#L,EWM,SW License Charge
865,#L,EWO,SW Purchase
865,#L,FTO,FTO Services
865,#L,GBS,Global Business SVCS
865,#L,GPR,GPR Charge
865,#L,GTS,Global Tech SVCS
865,#L,HWP,HW Purchase
865,#L,IPC,IPP
865,#L,ITM,Maintenance Service
865,#L,LEA,Leasing
865,#L,LP1,Late Payment Charge
865,#L,LP2,Interest Charge
865,#L,LP3,Interest Charge
865,#L,LPC,Late Payment Charge
865,#L,MSA,MSA Charge
865,#L,NCU,Other Charges
865,#L,PAR,Parts Stock Purchase
865,#L,PEC,Per Call Service
865,#L,PMT,Multiple Supplies
865,#L,PRE,Prepayment
865,#L,REG,Other Charges
865,#L,SAP,HVEC Purchase
865,#L,SG1,Financed Business
865,#L,SG2,Financed Business
865,#L,SWP,SW Purchase
865,#L,TFN,Defer Payment Business
865,#L,TSA,Transition Support Agreement
865,#L,VAT,VAT Recharge
865,01,GPI,Infoprint GP
866,10,009,MISC SEE INVOICE FOR DETAIL
866,10,010,COMPUTER BILLING
866,10,011,COMPUTER BILLING
866,10,012,IBM INFORMATION NETWORK
866,10,013,IBM INFORMATION NETWORK
866,10,014,PERSONAL COMPUTER
866,10,015,PERSONAL COMPUTER
866,10,016,PERSONAL COMPUTER
866,10,017,MAINTENANCE AGREEMENT
866,10,018,MAINTENANCE AGREEMENT CREDIT
866,10,019,SERVICESUITE MAINTENANCE
866,10,020,TYPEWRITER/PRINTER
866,10,021,SERVICESUITE MAINTENANCE CR
866,10,022,COMPUTER/OFFICE SUPPLIES
866,10,026,COMPUTER/OFFICE SUPPLIES
866,10,027,TYPEWRITER/PRINTER
866,10,028,MISC - SEE INVOICE FOR DETAIL
866,10,02A,SEQUENT
866,10,02B,SEQUENT
866,10,02C,SEQUENT
866,10,02D,SEQUENT
866,10,02E,SEQUENT
866,10,02F,SEQUENT
866,10,02G,SEQUENT
866,10,02H,SEQUENT
866,10,02K,SEQUENT
866,10,02L,SEQUENT
866,10,02M,SEQUENT
866,10,02N,SEQUENT
866,10,02P,SEQUENT
866,10,02Q,SEQUENT
866,10,02R,SEQUENT
866,10,02S,SEQUENT
866,10,02T,CHIS
866,10,02U,SEQUENT
866,10,02V,SEQUENT
866,10,02W,SEQUENT
866,10,02X,SEQUENT
866,10,02Y,SEQUENT
866,10,030,MISC - SEE INVOICE FOR DETAIL
866,10,031,COMPUTER PARTS EXCHANGE
866,10,032,LITERATURE
866,10,033,COMPUTER PARTS TRANSPORT
866,10,034,MISC - SEE INVOICE DETAILS
866,10,035,MISC - SEE INVOICE FOR DETAILS
866,10,037,PURCHASE OF RENTAL EQUIPMENT
866,10,038,PURCHASE OF RENTAL EQUIPMENT
866,10,039,COMPUTER HARDWARE
866,10,03A,IBM GLOBAL SERVICES
866,10,03B,IBM GLOBAL SERVICES
866,10,040,LITERATURE
866,10,041,COMPUTER PARTS EXCHANGE
866,10,042,COMPUTER HARDWARE RENTAL
866,10,043,MISC - SEE INVOICE FOR DETAILS
866,10,044,MISC - SEE INVOICE FOR DETAILS
866,10,045,COMPUTER HARDWARE
866,10,046,MAINTENANCE
866,10,047,EDUCATION
866,10,048,MAINTENANCE
866,10,049,MISC - SEE INVOICE DETAILS
866,10,04A,SEQUENT
866,10,04B,SEQUENT
866,10,04F,DM TRAINING INFORMIX
866,10,04G,DM TRNG INFORMIX CRD
866,10,050,COMPUTER BILLING
866,10,051,COMPUTER BILLING
866,10,052,HOURLY SERVICE MAINT
866,10,053,HOURLY SERVICE MAINT
866,10,054,USAGE CHARGES
866,10,055,USAGE CHARGES
866,10,058,PROFESSIONAL SERVICES
866,10,059,PROFESSIONAL SERVICES
866,10,060,SOFTWARE
866,10,061,SOFTWARE
866,10,062,MISC - SEE INVOICE FOR DETAILS
866,10,063,MISC - SEE INVOICE FOR DETAILS
866,10,064,MISC - SEE INVOICE FOR DETAILS
866,10,065,SOFTWARE RENTAL
866,10,066,COMPUTER BILLING
866,10,067,COMPUTER BILLING
866,10,068,SOFTWARE
866,10,070,COMPUTER HARDWARE RENTAL
866,10,072,MISC - SEE INVOICE FOR DETAILS
866,10,073,COMPUTER SYSTEM SERVICE
866,10,074,COMPUTER SYSTEM SERVICE
866,10,075,TYPEWRITER MAINTENANCE
866,10,078,USAGE CHARGES
866,10,080,CGI #1
866,10,082,COMPUTER BILLING
866,10,083,CGI #2
866,10,085,MISC - SEE INVOICE FOR DETAILS
866,10,087,MISC - SEE INVOICE FOR DETAILS
866,10,088,COMPUTER HARDWARE
866,10,090,SOFTWARE RENTAL
866,10,092,PROFESSIONAL SERVICES
866,10,093,PROFESSIONAL SERVICES
866,10,094,PROFESSIONAL SERVICES
866,10,095,PROFESSIONAL SERVICES
866,10,096,INTEREST INVOICE
866,10,097,CREDIT OF INTEREST CHARGE
866,10,098,LATE PAYMENT FEES
866,10,099,CREDIT OF LATE PAYMENT FEES
866,10,ASC,ASCENTIAL MIGRATION
866,10,CO5,COGNOS MIGRATION
866,10,COD,COGNOS MIGRATION
866,10,COF,DEALER FINANCE
866,10,D2M,IPLA
866,10,D2S,IPLA
866,10,D3M,IPLA
866,10,D3S,IPLA
866,10,DAT,DATAMIRROR MIGRATION
866,10,DLD,IEMS
866,10,DPS,SW PRE-PACKAGED SERVICES
866,10,DSM,IPLA
866,10,DSW,IPLA
866,10,ESW,ESW BILLING
866,10,FNT,FILENET MIGRATION
866,10,GEO,COGNOS MIGRATION
866,10,GPP,GEODIS P2P
866,10,IFX,INFORMIX
866,10,ILG,ILOG MIGRATION
866,10,ISS,ISS MIGRATION
866,10,LED,LED
866,10,LPD,IPLA LPC
866,10,LPS,LOTUS PROF. SERVICES
866,10,MAX,PCD (MAX)
866,10,MRO,MRO MIGRATION
866,10,PBS,PROFESSIONAL BILLING SERVICES
866,10,PC0,PC COMPANY
866,10,PRN,PRINCETON MIGRATION
866,10,PWC,PROFESSIONAL SERVICES
866,10,SAP,PC COMPANY
866,10,TL1,TELELOGIC MIGRATION
866,10,VAL,VALLENT MIGRATION
866,35,098,LATE PAYMENT CREDIT
866,35,F1A,PRIME PERIOD
866,35,F1B,INSTALMENT PAYMENT
866,35,F1C,LOAN REPAYMENT
866,35,F2A,PEPPERCORN
866,35,F2B,RENEWAL
866,35,F2C,CONVERSION
866,35,F2D,SECOND TERM
866,35,F2E,CONTINUATION
866,35,FBC,RENTAL REBATE
866,35,FBI,RENTAL REBATE INVOICE
866,35,FDC,DISPOSAL CREDIT
866,35,FDI,DISPOSAL INVOICE
866,35,FMC,REPAIR/COLLECTION CREDIT NOTE
866,35,FMI,REPAIR/COLLECTION INVOICE
866,35,FRA,RENTAL ADJUSTMENT
866,35,FSC,SUNDRY CREDIT
866,35,FSI,SUNDRY CHARGE
866,35,FTC,TERMINATION CREDIT NOTE
866,35,FTI,TERMINATION CHARGE
866,35,FVC,VAT CREDIT NOTE
866,35,FVI,VAT INVOICE
889,#L,ATT,TSA Charge
889,#L,CAT,SW License Charge
889,#L,COF,Commercial Financing
889,#L,DPC,DPA
889,#L,DSW,Distributed SW Purchase
889,#L,ESW,SW Purchase
889,#L,FTO,FTO Services
889,#L,GBS,Global Business SVCS
889,#L,GPR,GPR Charge
889,#L,GTS,Global Tech SVCS
889,#L,HWP,HW Purchase
889,#L,IPC,IPP
889,#L,ITM,Maintenance Service
889,#L,LEA,Leasing
889,#L,LP1,Late Payment Charge
889,#L,LP2,Interest Charge
889,#L,LP3,Interest Charge
889,#L,LPC,Late Payment Charge
889,#L,MSA,MSA Charge
889,#L,NCU,Other Charges
889,#L,PAR,Parts Stock Purchase
889,#L,PEC,Per Call Service
889,#L,PMT,Multiple Supplies
889,#L,PRE,Prepayment
889,#L,REG,Other Charges
889,#L,SAP,HVEC Purchase
889,#L,SG1,Financed Business
889,#L,SG2,Financed Business
889,#L,SWP,SW Purchase
889,#L,TFN,Defer Payment Business
889,#L,TSA,Transition Support Agreement
889,#L,VAT,VAT Recharge
889,58,GPI,Infoprint GP
